ticker,nombre,sector,precio,max_52w,min_52w,drawdown_52w,pe_forward,peg,ev_ebitda,pb,roe,rev_growth_yoy,eps_cagr_5y,debt_ebitda,fcf_yield,mom_1m,mom_3m,profit_margin,value_score,growth_score,quality_score,momentum_score,bonus,composite_score,razon
ADBE,Adobe Inc.,Technology,230.48,363.7,190.12,-0.3662908990926588,8.328611,0.57,9.182,7.6604514,0.61902,0.129,0.18249242076044214,0.6843803596855617,0.1020034279754522,-0.2128146828747497,0.12418296226958958,0.28048,24.0,22.9,25.0,20.0,10,100.0,Cae 37% desde máx. 52s; roe sólido (61.9%); peg atractivo (0.57)
EXPE,"Expedia Group, Inc.",Consumer Cyclical,262.76,342.0,185.34,-0.23169590643274857,10.7398205,0.69,10.913,26.080399,0.89489,0.14,0.6534957812135467,1.9688581743992548,0.10889985224295173,-0.17141771628583202,0.028367989608014454,0.12968001,22.5,24.0,21.1,20.0,10,97.6,Cae 23% desde máx. 52s; roe sólido (89.5%); peg atractivo (0.69)
PYPL,"PayPal Holdings, Inc.",Financial Services,53.66,79.215,38.46,-0.3226030423530898,9.2752,0.97,7.652,2.3337538,0.24497,0.048,0.3730414865193261,2.2027570755886,0.09635591524219733,0.021409696933522904,0.24577442760422707,0.14364,25.0,14.8,20.2,25.0,10,95.0,Cae 32% desde máx. 52s; roe sólido (24.5%); peg atractivo (0.97)
FOX,Fox Corporation,Communication Services,55.6,68.175,44.08,-0.18445177851118438,9.67798,1.0209,7.027,2.0062788,0.14291,0.281,0.18120452257112785,1.9495106258468213,0.023688364687301816,-0.07216051071637875,0.19287994551214216,0.09839,19.7,25.0,18.8,20.0,10,93.5,Cae 18% desde máx. 52s; peg atractivo (1.02); crece 28.1% yoy
UHS,"Universal Health Services, Inc.",Healthcare,175.655,246.33,140.08,-0.2869118661957537,7.3191414,1.21,5.825,1.3777944,0.20948,0.083,0.3621405696848752,1.949233231705727,0.04813497238388238,0.03247512924184104,0.18273919959363427,0.08424,18.9,18.3,21.2,25.0,10,93.4,Cae 29% desde máx. 52s; roe sólido (20.9%); peg atractivo (1.21)
ADSK,"Autodesk, Inc.",Technology,200.1325,326.2,185.5,-0.386473022685469,14.094443,0.81,18.746,12.36378,0.53854,0.161,0.11430299124308885,1.620734789390178,0.07548826416084312,-0.22588284427654048,0.02938231256596069,0.21078,18.5,21.9,22.5,20.0,10,93.0,Cae 39% desde máx. 52s; roe sólido (53.9%); peg atractivo (0.81)
FOXA,Fox Corporation,Communication Services,62.18,76.39,48.34,-0.18601911244927347,10.633513,1.13,7.731,2.2437124,0.14291,0.281,0.18120452257112785,1.9495106258468213,0.021181617842102353,-0.07268431550358578,0.19736798320640703,0.09839,18.2,25.0,18.8,20.0,10,92.0,Cae 19% desde máx. 52s; peg atractivo (1.13); crece 28.1% yoy
CF,"CF Industries Holdings, Inc.",Basic Materials,116.69,141.96,75.42,-0.17800788954635113,10.558642,0.52,5.625,3.0775115,0.29867,0.176,-0.1818627213243168,0.9328685762209111,0.07229759619588551,-0.10259168240501892,0.08342170122825343,0.27122,24.2,12.0,25.0,20.0,10,91.2,Cae 18% desde máx. 52s; roe sólido (29.9%); peg atractivo (0.52)
DECK,Deckers Outdoor Corporation,Consumer Cyclical,77.71,122.29,77.37,-0.3645432987161666,9.332638,0.96,7.204,4.6156588,0.42558,0.057,0.2955462717849462,0.35594688079692693,0.08235452051758727,-0.10760223414740988,-0.21734315270491578,0.18361,25.0,15.7,25.0,15.0,10,90.7,Cae 36% desde máx. 52s; roe sólido (42.6%); peg atractivo (0.96)
PGR,Progressive Corporation (The),Financial Services,209.56,248.17,189.2,-0.1555788370874803,12.867012,63.02,8.313,3.5462747,0.34943,0.073,1.5353179173781881,0.5446811285334169,0.12426762502185591,-0.039068251104754426,-0.0402697864651701,0.12849,17.7,17.3,25.0,20.0,10,90.0,Cae 16% desde máx. 52s; roe sólido (34.9%); caída + fundamentales de calidad (bono)
FDS,FactSet Research Systems Inc.,Financial Services,258.39,320.48,185.0,-0.19374063904143793,13.0997,1.2,11.566,4.5487995,0.27032,0.064,0.14904095738686007,1.6842587476508941,0.06759261291790557,-0.17592082695583566,0.12727632444174564,0.2321,17.9,16.3,22.3,20.0,10,86.5,Cae 19% desde máx. 52s; roe sólido (27.0%); peg atractivo (1.20)
TEL,TE Connectivity plc,Technology,212.9,252.56,190.27,-0.15703199239784604,16.482386,0.94,13.51,4.6601725,0.23290001,0.138,-0.062250797568187966,1.175116097110194,0.03791328741062709,0.037271590238657115,0.06012253176390647,0.15609,15.4,10.8,24.3,25.0,10,85.5,Cae 16% desde máx. 52s; roe sólido (23.3%); peg atractivo (0.94)
PE&OLES.MX,INDUSTRIAS PENOLES SAB DE CV,Basic Materials,892.63,1229.96,707.01,-0.27426095157566105,8.861875,0.52,71.11,3.0476444,0.42049,0.389,0.9574338205844317,0.5827494897765145,0.0059430592599522755,-0.0057585018717425385,0.16945070756691538,0.19459999,14.0,25.0,25.0,20.0,0,84.0,Cae 27% desde máx. 52s; roe sólido (42.0%); peg atractivo (0.52)
WTW,Willis Towers Watson Public Lim,Financial Services,288.665,352.79,240.61,-0.1817653561608889,12.631024,1.27,11.595,3.4920702,0.19761999,0.091,0.2188438440379885,2.521662,0.05280433227022844,-0.14734893234895852,0.104430554147948,0.15492,15.4,19.1,18.9,20.0,10,83.4,Cae 18% desde máx. 52s; roe sólido (19.8%); peg atractivo (1.27)
PTC,PTC Inc.,Technology,136.09,206.82,108.5,-0.34198820230151816,15.240119,1.29,12.864,4.342512,0.35053003,-0.068,0.3232467390277567,1.259981858826277,0.0698484413603833,-0.12617187917163608,0.19786986714874466,0.41429,15.6,13.0,24.0,20.0,10,82.6,Cae 34% desde máx. 52s; roe sólido (35.1%); peg atractivo (1.29)
GOOG,Alphabet Inc.,Communication Services,337.02,404.47,236.685,-0.16676144089796535,22.361351,1.22,23.355,6.6217384,0.48676,0.242,0.3333790189024399,0.6975525901373553,0.005498901377948023,0.005452409705247296,-0.04554153463081023,0.54771,7.5,25.0,25.0,25.0,0,82.5,Cae 17% desde máx. 52s; roe sólido (48.7%); peg atractivo (1.22)
CTSH,Cognizant Technology Solutions ,Technology,56.1803,87.03,37.08,-0.3544720211421349,8.872652,0.84,6.592,1.7558539,0.14924,0.045,0.011211696562825724,0.518830525272547,0.08754809213619726,-0.13006658294574014,0.4590682877645982,0.10258,25.0,2.5,24.7,20.0,10,82.2,Cae 35% desde máx. 52s; peg atractivo (0.84); caída + fundamentales de calidad (bono)
GOOGL,Alphabet Inc.,Communication Services,340.22,408.61,235.84,-0.16737231100560432,22.573671,1.23,23.609,6.684612,0.48676,0.242,0.3333790189024399,0.6975525901373553,0.005447180202097294,0.0032081375884371877,-0.047377554286683,0.54771,7.2,25.0,25.0,25.0,0,82.2,Cae 17% desde máx. 52s; roe sólido (48.7%); peg atractivo (1.23)
ACN,Accenture plc,Technology,175.155,291.09,118.15,-0.39827888281974644,11.944436,1.28,8.236,3.3605456,0.24406,0.056,0.04294707162088707,0.648093359085687,0.11279015431893068,-0.07696562052236422,0.42447040381693446,0.10656,20.9,6.3,25.0,20.0,10,82.2,Cae 40% desde máx. 52s; roe sólido (24.4%); peg atractivo (1.28)
NFLX,"Netflix, Inc.",Communication Services,70.29,124.86,65.08,-0.437049495434887,18.436527,1.22,20.085,9.707223,0.49541,0.134,0.36489469824866827,1.1308982226039093,0.08674068958460078,-0.13275757842179503,-0.015546226703500032,0.28219,14.3,23.4,24.5,20.0,0,82.2,Cae 44% desde máx. 52s; roe sólido (49.5%); peg atractivo (1.22)
EME,"EMCOR Group, Inc.",Industrials,760.6,951.96,564.92,-0.2010168494474558,20.697166,0.32,16.775,8.249547,0.40348998,0.198,0.5154328097260492,0.2753182049444588,0.029158925620641894,0.03547798396021906,-0.08300854159470672,0.07738,11.3,25.0,25.0,20.0,0,81.3,Cae 20% desde máx. 52s; roe sólido (40.3%); peg atractivo (0.32)
NXPI,NXP Semiconductors N.V.,Technology,236.04,339.95,183.0,-0.3056625974408001,13.044408,0.47,13.36,5.223626,0.27921,0.195,-0.09000664080454257,2.165745746955227,0.05972698927629604,0.05547611171791367,-0.1563101783706814,0.22564,18.4,12.0,20.3,20.0,10,80.7,Cae 31% desde máx. 52s; roe sólido (27.9%); peg atractivo (0.47)
VIST,Vista Energy S.A.B. de C.V.,Energy,66.59,81.44,33.45,-0.18234282907662075,6.630708,,5.026,2.2249322,0.29795,1.023,0.3452476262414519,1.748145477300833,0.01672127502407772,-0.06815005330220081,0.043730362604916806,0.23558001,13.0,25.0,22.0,20.0,0,80.0,Cae 18% desde máx. 52s; roe sólido (29.8%); crece 102.3% yoy
MPWR,"Monolithic Power Systems, Inc.",Technology,1363.07,1714.09,833.18,-0.2047850462927851,39.08926,1.03,64.989,17.1955,0.21979,0.476,0.12103851882804606,0.01892866242005614,0.006633034850246829,0.07517130496038149,-0.013954425234317003,0.24500999,6.6,22.5,25.0,25.0,0,79.1,Cae 20% desde máx. 52s; roe sólido (22.0%); peg atractivo (1.03)
NVDA,NVIDIA Corporation,Technology,227.709,236.54,164.27,-0.03733406611989511,14.520499,0.47,27.287,24.013456,1.17211,1.059,2.04239508347386,0.1930778199689327,0.007603530256271343,0.03253825227467,0.13930634951136556,0.63663,14.0,25.0,25.0,15.0,0,79.0,Roe sólido (117.2%); peg atractivo (0.47); crece 105.9% yoy
CINF,Cincinnati Financial Corporatio,Financial Services,160.785,194.81,150.0,-0.1746573584518249,17.803242,2.19,5.461,1.4794759,0.21484,0.316,,0.20068727639588613,0.12095792942677754,-0.04825420337896125,-0.12659825581674855,0.23843001,16.7,12.0,25.0,15.0,10,78.7,Cae 17% desde máx. 52s; roe sólido (21.5%); crece 31.6% yoy
INTU,Intuit Inc.,Technology,264.79,702.12,252.84,-0.622870734347405,9.779719,0.88,10.69,3.7418745,0.23596,0.137,0.25037201912000007,1.229522597560147,0.08978939134177655,-0.2630391941524479,0.019015165483814434,0.21289,22.7,23.7,24.1,8.0,0,78.5,Roe sólido (23.6%); peg atractivo (0.88); crece 13.7% yoy
AOS,A.O. Smith Corporation,Industrials,57.87,81.87,54.16,-0.2931476731403445,14.1619215,1.39,10.757,4.2702184,0.27133,-0.007,0.3659941080720417,0.8641061983557463,0.061616111600614136,-0.021309015955859656,-0.07174061534106735,0.13149,15.3,13.0,25.0,15.0,10,78.3,Cae 29% desde máx. 52s; roe sólido (27.1%); peg atractivo (1.39)
FIX,"Comfort Systems USA, Inc.",Industrials,1660.9,2073.99,770.47,-0.19917646661748598,27.599567,0.55,28.327,18.141998,0.55292,0.503,0.6178475841689988,0.1847055188711383,0.03151036958712247,0.07458497538920272,-0.16155290974153502,0.12775,8.3,25.0,25.0,20.0,0,78.3,Cae 20% desde máx. 52s; roe sólido (55.3%); peg atractivo (0.55)
TMUS,"T-Mobile US, Inc.",Communication Services,163.885,240.95,161.14,-0.31983814069308986,11.35164,0.58,8.616,3.130683,0.17994,0.079,0.6772572643466521,3.5037389065916273,0.06448427732392689,-0.09174799218896135,-0.01728458658053711,0.11455,22.9,17.9,17.0,20.0,0,77.8,Cae 32% desde máx. 52s; roe sólido (18.0%); peg atractivo (0.58)
INCY,Incyte Corporation,Healthcare,123.38,132.6,82.82,-0.06953242835595776,13.885575,10.82,10.711,3.9083881,0.30667,0.377,0.6156160063417289,0.019701768349421916,0.047209876695870914,0.0012984582951616197,0.08839093674238585,0.27706,12.4,25.0,25.0,15.0,0,77.4,Roe sólido (30.7%); crece 37.7% yoy
GDDY,GoDaddy Inc.,Technology,92.6,141.325,71.59,-0.34477268706881303,8.397188,0.53,10.52,1747.1698,4.42861,0.066,0.4161701082120004,2.785641686525694,0.10274500921703086,-0.053943593455837546,0.09095194946406826,0.17834999,22.8,16.6,17.9,20.0,0,77.3,Cae 34% desde máx. 52s; roe sólido (442.9%); peg atractivo (0.53)
CBOE,"Cboe Global Markets, Inc.",Financial Services,268.69,371.18,227.15,-0.27611940298507465,17.650267,2.28,13.298,4.9935884,0.26297,0.229,0.6819298103960483,0.8185114237362793,0.024171788083201747,-0.1049633860237631,0.1102995573964356,0.26734,7.2,25.0,25.0,20.0,0,77.2,Cae 28% desde máx. 52s; roe sólido (26.3%); crece 22.9% yoy
WDAY,"Workday, Inc.",Technology,186.8,249.14,110.36,-0.2502207594123785,14.116246,0.69,28.891,6.968849,0.16006,0.128,,2.378310214375788,0.06766894949084326,-0.0539376756702411,0.5258945094408929,0.12319,17.8,9.8,19.5,20.0,10,77.1,Cae 25% desde máx. 52s; roe sólido (16.0%); peg atractivo (0.69)
AVGO,Broadcom Inc.,Technology,355.92,495.0,289.96,-0.2809696969696969,18.361622,0.35,32.609,17.044346,0.44245,0.855,0.21598171113789166,1.1369881577318977,0.0180082108403007,-0.03718706873130506,-0.0560737860598256,0.42944,12.4,25.0,24.5,15.0,0,76.9,Cae 28% desde máx. 52s; roe sólido (44.2%); peg atractivo (0.35)
CRM,"Salesforce, Inc.",Technology,224.77,269.11,146.32,-0.1647653375942923,14.04221,0.78,16.902,4.8200808,0.19381,0.108,2.3365049178663173,3.2852157870168965,0.09585537372930054,-0.12570691752975038,0.4372873844539855,0.2199,19.0,20.8,17.0,20.0,0,76.8,Cae 16% desde máx. 52s; roe sólido (19.4%); peg atractivo (0.78)
ALL,Allstate Corporation (The),Financial Services,224.56,277.22,188.08,-0.18995743452853336,8.095003,1.67,3.581,1.7994887,0.46113998,0.118,,0.43801120728377724,0.2669628262522416,-0.12893712881425357,-0.05230482878298848,0.18971,18.0,8.8,25.0,15.0,10,76.8,Cae 19% desde máx. 52s; roe sólido (46.1%); crece 11.8% yoy
SMCI,"Super Micro Computer, Inc.",Technology,41.285,58.78,19.48,-0.29763525008506303,7.7517123,0.91,11.823,2.6449485,0.21465999,0.932,0.41815529190370215,3.2788120890826224,-0.3041271298461849,0.10743028967960644,0.40760313517912405,0.0571,16.7,25.0,10.0,25.0,0,76.7,Cae 30% desde máx. 52s; roe sólido (21.5%); peg atractivo (0.91)
LII,"Lennox International, Inc.",Industrials,361.035,587.27,350.22,-0.38523166516253166,13.822718,0.95,12.56,9.618366,0.71757007,0.03,0.17973632807674877,1.7293303997266827,0.02225886313034615,-0.05646302048722851,-0.3698664875293658,0.14871,16.1,13.0,22.1,15.0,10,76.2,Cae 39% desde máx. 52s; roe sólido (71.8%); peg atractivo (0.95)
META,"Meta Platforms, Inc.",Communication Services,731.345,779.82,520.26,-0.06216178092380295,20.915554,0.99,16.826,7.1336813,0.29848,0.28,0.398395285030712,1.0242852404296552,0.011568653478392182,0.2788240206006003,0.2993701245924678,0.29834998,11.2,25.0,24.9,15.0,0,76.1,Roe sólido (29.8%); peg atractivo (0.99); crece 28.0% yoy
UAL,"United Airlines Holdings, Inc.",Industrials,112.31,138.77,84.64,-0.19067521798659656,7.760283,6.5,7.506,2.1832778,0.23252001,0.16,0.6599631084110487,4.747990502836578,0.024967474010952055,0.040003702012050724,-0.17413050208135084,0.05558,13.0,25.0,17.0,20.0,0,75.0,Cae 19% desde máx. 52s; roe sólido (23.3%); crece 16.0% yoy
AMX,"America Movil, S.A.B. de C.V.",Communication Services,21.755,28.46,19.71,-0.23559381588193962,10.435003,0.77,2.349,3.0880582,0.21579,0.031,0.049162820299574195,2.184902339372906,2.3559579542688,-0.055772643389729204,-0.15292432320711458,0.09372,25.0,4.4,20.3,15.0,10,74.6,Cae 24% desde máx. 52s; roe sólido (21.6%); peg atractivo (0.77)
EXE,Expand Energy Corporation,Energy,83.32,126.621,83.32,-0.3419732903704757,9.739333,0.8,3.395,1.0059764,0.14893,-0.106,-0.39005602482842994,0.5546793684718762,0.07601523814114618,-0.15118177886757278,-0.08081382205009413,0.2197,24.6,0.0,24.6,15.0,10,74.2,Cae 34% desde máx. 52s; peg atractivo (0.80); caída + fundamentales de calidad (bono)
LMT,Lockheed Martin Corporation,Industrials,511.34,692.0,437.25,-0.2610693641618497,15.611465,0.98,14.083,13.413252,0.89165,0.105,-0.002623064045820689,2.1216941487603305,0.047135879659260124,-0.08325858683766463,0.009898221749579994,0.08163,16.2,7.5,20.5,20.0,10,74.2,Cae 26% desde máx. 52s; roe sólido (89.2%); peg atractivo (0.98)
RL,Ralph Lauren Corporation,Consumer Cyclical,351.665,421.6,306.55,-0.16587998102466792,16.814426,1.92,14.024,7.7011433,0.37537,0.14,0.25853438682213326,1.885450605071554,0.042002955223521724,0.01662527096590871,-0.12142868034662957,0.117639996,8.2,24.0,21.5,20.0,0,73.6,Cae 17% desde máx. 52s; roe sólido (37.5%); crece 14.0% yoy
DAL,"Delta Air Lines, Inc.",Industrials,84.555,95.68,55.03,-0.11627299331103678,10.251762,0.21,9.509,2.535154,0.20125,0.187,0.5492465585372432,2.8085787658514882,0.050667365927942194,0.0840384654509716,-0.09498425073332306,0.05784,20.8,25.0,17.8,10.0,0,73.5,Roe sólido (20.1%); peg atractivo (0.21); crece 18.7% yoy
BALL,Ball Corporation,Consumer Cyclical,56.45,68.29,44.83,-0.17337823985942308,12.48129,0.96,10.705,2.5995855,0.17151,0.197,0.13617128057248995,3.652215861271676,0.02542244483216822,-0.10068508968214707,-0.09247016650239004,0.0661,17.7,23.8,17.0,15.0,0,73.5,Cae 17% desde máx. 52s; roe sólido (17.2%); peg atractivo (0.96)
HIG,"The Hartford Insurance Group, I",Financial Services,125.19,146.07,120.33,-0.14294516327788045,9.149724,0.12,6.242,1.7619737,0.22061001,0.081,0.34782996806165256,0.7848192088179125,0.16241298309049276,-0.08473458430564695,-0.05116839560998743,0.1489,25.0,18.1,25.0,5.0,0,73.1,Roe sólido (22.1%); peg atractivo (0.12); crece 8.1% yoy
IT,"Gartner, Inc.",Technology,184.5875,265.0,124.25,-0.3034433962264151,11.283757,0.75,9.805,-71.04984,1.13581,-0.006,-0.010484370535091214,2.4058772479179322,0.09029742947395275,-0.06825756737270239,0.4240665086401336,0.11996,23.5,0.0,19.4,20.0,10,72.8,Cae 30% desde máx. 52s; roe sólido (113.6%); peg atractivo (0.75)
FLEX,Flex Ltd.,Technology,112.9126,166.86,53.07,-0.32330936114107645,15.878336,0.94,21.124,7.583116,0.18378,0.206,0.10647725620936432,2.793217001052337,0.01500230871224136,0.0335249213386728,-0.3033097269479975,0.03325,13.6,21.2,17.8,20.0,0,72.6,Cae 32% desde máx. 52s; roe sólido (18.4%); peg atractivo (0.94)
VRT,"Vertiv Holdings, LLC",Industrials,247.7075,379.935,144.0,-0.34802663613512835,27.037994,0.85,35.158,20.04268,0.43943,0.241,3.4011360702802804,1.24615507820959,0.028276128239354655,-0.04233057276136287,-0.25999574425138894,0.15088001,8.4,25.0,24.0,15.0,0,72.4,Cae 35% desde máx. 52s; roe sólido (43.9%); peg atractivo (0.85)
ACGL,Arch Capital Group Ltd.,Financial Services,94.55,107.09,82.45,-0.11709776823232801,9.696631,1.05,5.912,1.3839691,0.19936001,-0.105,0.4506349306453876,0.7701707062223224,0.13334458584279846,-0.03589269556459662,-0.025860236657441638,0.24396999,24.3,13.0,25.0,10.0,0,72.3,Roe sólido (19.9%); peg atractivo (1.05)
ARES,Ares Management Corporation,Financial Services,118.28,181.19,95.8,-0.34720459186489316,16.449345,0.91,32.2,10.722509,0.14918,0.096,0.25019154152920087,10.398134439487054,0.05503519035917917,-0.16511890079489067,0.07384716832928584,0.121149994,15.8,19.6,16.7,20.0,0,72.2,Cae 35% desde máx. 52s; peg atractivo (0.91); crece 9.6% yoy
RMD,ResMed Inc.,Healthcare,222.065,284.87,180.27,-0.22046898585319621,16.784807,1.29,14.98,4.8638735,0.24269,0.086,0.14265496864035487,0.3940876217428412,0.029320914792073268,-0.07511454895313019,0.14276610096025877,0.26945,9.1,18.0,25.0,20.0,0,72.1,Cae 22% desde máx. 52s; roe sólido (24.3%); peg atractivo (1.29)
LDOS,"Leidos Holdings, Inc.",Technology,122.235,205.77,98.86,-0.4059629683627351,9.586833,2.46,8.915,2.9030306,0.27781,0.072,0.3095874508346872,2.7615447181033903,0.07474963317805984,-0.12536923833971114,0.1909486751189884,0.07803,16.7,17.2,18.0,20.0,0,71.8,Cae 41% desde máx. 52s; roe sólido (27.8%)
BX,Blackstone Inc.,Financial Services,113.955,177.0,101.73,-0.3561864406779661,15.224652,1.08,,10.112255,0.31374002,0.286,0.17923308120835912,,,-0.2044470995465506,-0.021692484034714243,0.22728,12.8,25.0,14.0,20.0,0,71.8,Cae 36% desde máx. 52s; roe sólido (31.4%); peg atractivo (1.08)
BR,"Broadridge Financial Solutions,",Technology,160.1,238.73,133.83,-0.32936790516483055,13.830554,1.78,11.992,6.4253325,0.40916002,0.075,0.21898526092374704,1.9461028703983325,0.06543451656197366,-0.11675572502697762,0.17624029829780974,0.15037,13.1,17.5,21.2,20.0,0,71.8,Cae 33% desde máx. 52s; roe sólido (40.9%)
LRCX,Lam Research Corporation,Technology,322.017,438.5,130.81,-0.2656396807297606,27.43012,1.47,45.369,32.30832,0.65066004,0.3,0.20148366120497108,0.47695966024541175,0.007669078221317972,0.06921988014680691,-0.25608869080431174,0.31272,1.6,25.0,25.0,20.0,0,71.6,Cae 27% desde máx. 52s; roe sólido (65.1%); peg atractivo (1.47)
HAL,Halliburton Company,Energy,31.655,43.59,21.46,-0.2738013305804084,10.902247,0.68,8.024,2.3979244,0.14917,0.037,-0.04826946434467272,1.9809132489059078,0.07781708451512723,-0.13699015150829696,-0.06327215263319264,0.0716,24.8,0.7,20.8,15.0,10,71.3,Cae 27% desde máx. 52s; peg atractivo (0.68); caída + fundamentales de calidad (bono)
PHM,"PulteGroup, Inc.",Consumer Cyclical,118.1,144.5,108.49,-0.18269896193771631,10.708133,1.0,8.525,1.7031279,0.14901,-0.096,0.0033192759993181387,0.9009466907193445,0.047941495580763195,-0.06302459181659315,-0.137389944740273,0.1162,21.3,0.3,24.7,15.0,10,71.3,Cae 18% desde máx. 52s; peg atractivo (1.00); caída + fundamentales de calidad (bono)
AIZ,"Assurant, Inc.",Financial Services,262.73,303.94,206.03,-0.13558597091531216,11.211746,2.16,7.583,2.127644,0.18341999,0.094,0.4966555482704398,1.2711415896168725,0.1658771898563355,-0.06787048662254647,-0.01857563151470054,0.07903,18.0,19.4,23.9,10.0,0,71.3,Roe sólido (18.3%); crece 9.4% yoy
DVA,DaVita Inc.,Healthcare,174.66,247.49,101.0,-0.2942745161420664,10.188517,0.44,9.172,-14.600017,0.88475,0.052,0.1892680294955471,4.74365367305654,0.0935495597050469,-0.007669966972666087,-0.21494063728764456,0.060489997,24.0,15.2,17.0,15.0,0,71.2,Cae 29% desde máx. 52s; roe sólido (88.5%); peg atractivo (0.44)
WDC,Western Digital Corporation,Technology,451.45,799.87,112.52,-0.4355957843149512,14.219109,0.87,32.591,,1.30853,0.438,,0.2381047769846884,0.013938704437513017,0.0024080411499947108,-0.2929062279248631,0.72947,14.0,12.0,25.0,20.0,0,71.0,Cae 44% desde máx. 52s; roe sólido (130.9%); peg atractivo (0.87)
MPC,Marathon Petroleum Corporation,Energy,393.36,431.08,161.93,-0.08750115987751687,8.345527,0.91,9.257,5.8353353,0.42099,0.537,-0.222431402744799,2.2271871364798383,0.08373110102135596,0.05368042867828282,0.5427585012060263,0.05549,23.9,12.0,20.1,15.0,0,71.0,Roe sólido (42.1%); peg atractivo (0.91); crece 53.7% yoy
ISRG,"Intuitive Surgical, Inc.",Healthcare,410.26,603.88,328.57,-0.32062661455918395,33.929424,1.89,33.833,7.9913516,0.17423001,0.185,0.2918952138994235,,0.017792030819882416,0.08862714459563681,0.03163351770653433,0.28445998,0.0,25.0,21.0,25.0,0,71.0,Cae 32% desde máx. 52s; roe sólido (17.4%); crece 18.5% yoy
LLY,Eli Lilly and Company,Healthcare,1185.41,1292.65,725.31,-0.08296135844969636,25.038052,1.17,26.423,31.19336,1.02286,0.477,0.5171329563234539,1.3165175740468356,0.010468373986685967,0.024794078302799116,-0.010272664054879144,0.33528998,6.9,25.0,23.7,15.0,0,70.7,Roe sólido (102.3%); peg atractivo (1.17); crece 47.7% yoy
STX,Seagate Technology Holdings PLC,Technology,908.755,1145.0,209.0,-0.20632751091703058,16.411993,0.52,46.879,95.107796,3.7152898,0.485,,0.8658373525483827,0.009406249675423294,0.09790612365017615,-0.05753006602904587,0.26108998,13.3,12.0,25.0,20.0,0,70.3,Cae 21% desde máx. 52s; roe sólido (371.5%); peg atractivo (0.52)
KLAC,KLA Corporation,Technology,195.44,307.37,98.097,-0.364153951263949,29.146702,1.8,41.027,40.23055,0.87496,0.152,0.1486507049039818,1.0160130069266942,0.010290463564215303,0.11393562747716168,-0.35149344255970294,0.35574,0.4,24.9,24.9,20.0,0,70.2,Cae 36% desde máx. 52s; roe sólido (87.5%); crece 15.2% yoy
APH,Amphenol Corporation,Technology,84.445,89.26,59.005,-0.05394353573829276,25.74315,0.96,23.478,13.438097,0.38115,0.55,0.2972340671812952,1.9877319532411912,0.01833653971510654,0.06686813867890584,-0.04065373748398038,0.17729001,9.0,25.0,21.0,15.0,0,70.0,Roe sólido (38.1%); peg atractivo (0.96); crece 55.0% yoy
AMAT,"Applied Materials, Inc.",Technology,506.185,739.67,202.87,-0.315661038030473,27.421366,0.96,37.854,15.67573,0.41068,0.248,0.051917432034909394,0.7233874949178137,0.0076557647493361684,0.1044088741511282,-0.29904379953687066,0.30052,8.2,16.5,25.0,20.0,0,69.7,Cae 32% desde máx. 52s; roe sólido (41.1%); peg atractivo (0.96)
MCO,Moody's Corporation,Financial Services,454.04,546.88,402.28,-0.1697630193095377,23.992622,1.64,21.205,25.994162,0.76932,0.151,0.22480004319740932,1.8800887896189693,0.032800316647675895,-0.10026950823304537,0.004591294009325786,0.34252,3.1,25.0,21.5,20.0,0,69.6,Cae 17% desde máx. 52s; roe sólido (76.9%); crece 15.1% yoy
NOW,"ServiceNow, Inc.",Technology,128.99,192.966,81.24,-0.3315402713431381,25.769604,0.98,48.219,10.655047,0.14244,0.24,0.7345580184539504,2.917846178371472,0.038613206205010776,-0.1283870484137366,0.2992547046652734,0.11336,9.8,25.0,14.8,20.0,0,69.6,Cae 33% desde máx. 52s; peg atractivo (0.98); crece 24.0% yoy
HWM,Howmet Aerospace Inc.,Industrials,230.97,310.0,183.83,-0.25493548387096776,35.74684,0.8,34.057,16.117935,0.34732,0.241,0.495146138791156,1.6692914150570155,0.01291781531243491,-0.05707285528357453,-0.14051300815251677,0.20522,7.0,25.0,22.3,15.0,0,69.3,Cae 25% desde máx. 52s; roe sólido (34.7%); peg atractivo (0.80)
ALLE,Allegion plc,Industrials,154.475,183.11,125.0,-0.15638141008137194,15.805851,2.05,14.405,6.202072,0.3373,0.127,0.12754839878198432,2.117888088985437,0.03687940538880766,-0.0014575204831586142,0.10345014760374438,0.15357,7.8,20.8,20.5,20.0,0,69.1,Cae 16% desde máx. 52s; roe sólido (33.7%); crece 12.7% yoy
MSFT,Microsoft Corporation,Technology,507.2701,553.72,349.2,-0.08388698259047896,21.425608,1.68,19.735,8.516245,0.34039003,0.177,0.22855998285745227,0.663174342651877,0.004392504900205922,7.880704660134796e-05,0.3626214656997717,0.40305,4.0,25.0,25.0,15.0,0,69.0,Roe sólido (34.0%); crece 17.7% yoy
VLO,Valero Energy Corporation,Energy,387.745,419.04,155.29,-0.07468260786559759,10.192971,1.91,8.888,4.4655647,0.27637,0.517,-0.3611977715600715,0.8482696704203383,0.07538688454388708,0.0803103215509513,0.4945610313031834,0.05446,16.8,12.0,25.0,15.0,0,68.8,Roe sólido (27.6%); crece 51.7% yoy
OXY,Occidental Petroleum Corporatio,Energy,55.035,67.45,38.8,-0.18406226834692374,13.694727,1.14,5.502,1.6443573,0.10629,0.534,-0.49362988839182775,1.0661904272792773,0.06885616581345498,-0.08129718175263301,0.1383062584655399,0.30318,21.9,12.0,14.7,20.0,0,68.7,Cae 18% desde máx. 52s; peg atractivo (1.14); crece 53.4% yoy
FDX,FedEx Corporation,Industrials,287.45,345.37,180.99113,-0.16770420129136873,13.778522,1.21,8.267,2.179914,0.14846,0.125,0.06216255240021917,3.6258021722564466,0.08314785782333564,-0.11857527381808397,-0.07840686399450669,0.0468,21.8,14.9,16.5,15.0,0,68.2,Cae 17% desde máx. 52s; peg atractivo (1.21); crece 12.5% yoy
UPS,"United Parcel Service, Inc.",Industrials,93.69,122.41,82.0,-0.23462135446450452,11.610313,1.34,8.626,5.2917256,0.29602,0.076,-0.20790615963625014,2.372807020145531,0.0701796411293468,-0.10112252303622515,-0.11456934766763349,0.050819997,18.7,4.6,19.5,15.0,10,67.8,Cae 23% desde máx. 52s; roe sólido (29.6%); peg atractivo (1.34)
TPR,"Tapestry, Inc.",Consumer Cyclical,113.115,164.8,93.0,-0.3136225728155341,12.710221,1.63,12.565,32.748985,1.97135,0.089,0.23282347390209668,1.955077851958245,0.06206939832129702,-0.07979743167424669,-0.22432172793528304,0.19086,12.3,18.9,21.2,15.0,0,67.4,Cae 31% desde máx. 52s; roe sólido (197.1%); crece 8.9% yoy
COR,"Cencora, Inc.",Healthcare,303.78,377.54,244.82,-0.19537002701700493,15.322218,0.64,12.587,19.0005,0.96871,0.051,-0.003327811631230859,2.607610236942605,0.03524810303034671,-0.06124847636090147,0.0755851432703365,0.00789,16.4,2.1,18.6,20.0,10,67.1,Cae 20% desde máx. 52s; roe sólido (96.9%); peg atractivo (0.64)
HUBB,Hubbell Inc,Industrials,458.71,565.4999,403.82,-0.1888415895387427,20.013657,1.96,19.649,6.1951838,0.24444,0.153,0.20598323592666556,3.666512497968723,0.020458676933161796,0.01260483764917919,-0.12054392023617222,0.14491999,4.7,25.0,17.0,20.0,0,66.7,Cae 19% desde máx. 52s; roe sólido (24.4%); crece 15.3% yoy
CMI,Cummins Inc.,Industrials,523.0,737.76,400.72,-0.2910973758403817,15.104986,1.06,15.281,5.604312,0.21114,0.094,0.1067954284093311,1.650597550885862,0.03096417724120087,-0.0733522725429403,-0.2639661278628169,0.07822,13.2,15.7,22.4,15.0,0,66.3,Cae 29% desde máx. 52s; roe sólido (21.1%); peg atractivo (1.06)
CPRT,"Copart, Inc.",Industrials,27.075,45.89,26.74,-0.41000217912399217,15.46595,2.71,11.079,2.7590952,0.1616,0.024,0.12057146804226226,0.0469546955090841,0.03531115825520263,-0.17929677522229948,-0.03955302412183648,0.31809,10.7,10.4,25.0,20.0,0,66.1,Cae 41% desde máx. 52s; roe sólido (16.2%)
TRV,"The Travelers Companies, Inc.",Financial Services,361.87,398.7,252.26,-0.09237521946325554,11.952643,2.36,6.947,2.279094,0.26511,0.003,0.3258155699339016,0.7898954574541399,0.19575654750753949,-0.007713931880979796,0.09992502212093246,0.16951999,18.0,13.0,25.0,10.0,0,66.0,Roe sólido (26.5%)
PWR,"Quanta Services, Inc.",Industrials,651.26,788.75,404.51,-0.17431378763866878,32.93527,1.45,33.851,10.15436,0.15337,0.411,0.26996068472840173,2.168514362085416,0.01997179751286497,0.07275689099842819,-0.0953842507032231,0.04032,0.7,25.0,20.3,20.0,0,66.0,Cae 17% desde máx. 52s; roe sólido (15.3%); peg atractivo (1.45)
GPN,Global Payments Inc.,Industrials,83.125,95.88,61.16,-0.13303087192323734,5.1919603,0.21,9.241,0.9560752,0.02428,0.686,1.4356933796914082,5.255426692770491,0.35768408642074045,-0.08445530419826608,0.14884718918172823,-0.091529995,23.9,25.0,7.0,10.0,0,65.9,Peg atractivo (0.21); crece 68.6% yoy
GS,"Goldman Sachs Group, Inc. (The)",Financial Services,912.46,1153.99,740.01,-0.20929990727822595,12.429296,1.16,,2.5202665,0.16902,0.425,0.19517790861873507,,,-0.106220001810309,-0.09337939165871767,0.31039,11.8,25.0,14.0,15.0,0,65.8,Cae 21% desde máx. 52s; roe sólido (16.9%); peg atractivo (1.16)
PSX,Phillips 66,Energy,252.365,277.12,126.74,-0.0893295323325635,10.11554,0.82,11.973,3.196193,0.23452999,0.531,-0.22599870532058441,2.0720402815282886,0.04492278109033582,0.02346096041508261,0.5007656730218677,0.046609998,18.1,12.0,20.7,15.0,0,65.8,Roe sólido (23.5%); peg atractivo (0.82); crece 53.1% yoy
EOG,"EOG Resources, Inc.",Energy,139.21,154.16,101.59,-0.09697716658017637,9.329566,1.32,5.32,2.295831,0.22507,0.587,-0.11640253534777134,0.569161788684683,0.061336180556342434,-0.03966611295313871,0.08103867678008014,0.25733,18.7,12.0,25.0,10.0,0,65.7,Roe sólido (22.5%); peg atractivo (1.32); crece 58.7% yoy
CPAY,"Corpay, Inc.",Technology,391.435,427.46,252.84,-0.0842768914050437,12.447047,0.76,12.127,7.255918,0.29215,0.215,0.06564477917470324,3.8386921625059225,0.07572236788045844,-0.03182040717983603,0.1745281917434689,0.22723,21.0,17.7,17.0,10.0,0,65.7,Roe sólido (29.2%); peg atractivo (0.76); crece 21.5% yoy
TROW,"T. Rowe Price Group, Inc.",Financial Services,103.996,122.0,85.22,-0.1475737704918033,10.075951,2.18,6.927,2.016247,0.19399999,0.107,0.11309540391033557,0.15203454695653856,0.09123299983779586,-0.053830594066986426,-0.07388754107422535,0.29262,18.0,17.5,25.0,5.0,0,65.5,Roe sólido (19.4%); crece 10.7% yoy
HSY,The Hershey Company,Consumer Defensive,161.755,239.48,160.61,-0.3245573743110072,16.405107,0.84,14.023,7.122947,0.32808998,0.066,-0.18305612580255548,2.1763953498872013,0.053649141107046994,-0.08203280903636179,-0.07080736020969469,0.12242,16.5,3.6,20.3,15.0,10,65.4,Cae 32% desde máx. 52s; roe sólido (32.8%); peg atractivo (0.84)
COP,ConocoPhillips,Energy,125.655,141.62,85.57,-0.1127312526479311,13.006512,1.08,6.237,2.309962,0.1418,0.355,-0.24182162850978772,0.8696788326124801,0.050951758451316845,-0.05158884769024974,0.21674780115369718,0.144,21.0,12.0,22.3,10.0,0,65.2,Peg atractivo (1.08); crece 35.5% yoy
CAT,"Caterpillar, Inc.",Industrials,823.47,1073.46,470.24,-0.23288245486557488,25.433529,1.44,25.605,19.516743,0.56972003,0.24,0.1416874853216783,2.778044547497665,0.013338494734833756,0.03260310852467074,-0.2252816764566854,0.14511,3.0,24.3,17.9,20.0,0,65.1,Cae 23% desde máx. 52s; roe sólido (57.0%); peg atractivo (1.44)
MKC,"McCormick & Company, Incorporat",Consumer Defensive,48.17,72.41,44.82,-0.3347603922110205,14.615394,1.86,12.545,1.8512682,0.24728,0.167,0.05153167622194932,3.3988975509716006,0.055134601547396425,-0.11158249567592604,-0.03596780237038999,0.21912001,11.6,16.5,17.0,20.0,0,65.1,Cae 33% desde máx. 52s; roe sólido (24.7%); crece 16.7% yoy
NUE,Nucor Corporation,Basic Materials,235.9218,280.11,131.32,-0.15775302559708693,11.929352,5.21,10.743,2.4209523,0.14548999,0.23,-0.3607676797548134,1.2496039232484863,0.012767417458299749,-0.05495193365299533,0.05913265412370228,0.07989,10.6,12.0,22.5,20.0,0,65.1,Cae 16% desde máx. 52s; crece 23.0% yoy
HCA,"HCA Healthcare, Inc.",Healthcare,428.45,556.52,353.99,-0.23012650039531374,13.382447,1.33,9.368,-14.059988,,0.087,0.13944298430482704,3.2737664952305026,0.040298858848046376,0.035685789539222856,0.1009258411924403,0.08768,15.2,17.8,7.0,25.0,0,65.0,Cae 23% desde máx. 52s; peg atractivo (1.33); crece 8.7% yoy
FTNT,"Fortinet, Inc.",Technology,175.38,181.37,73.55,-0.03302641010089877,46.424213,1.91,48.489,82.96121,1.17442,0.256,0.3167495145145989,0.21627243476329616,0.01760654505549773,0.02603412155684115,0.14164829095994702,0.28173,0.0,25.0,25.0,15.0,0,65.0,Roe sólido (117.4%); crece 25.6% yoy
MNST,Monster Beverage Corporation,Consumer Defensive,41.765,50.17,32.94,-0.1675303966513853,31.902136,2.22,26.823,8.737447,0.25704,0.202,0.20275070696498165,0.03168153874886872,0.020547974907907354,-0.09048342650211183,-0.13098214323275026,0.23079,0.0,25.0,25.0,15.0,0,65.0,Cae 17% desde máx. 52s; roe sólido (25.7%); crece 20.2% yoy
ULTA,"Ulta Beauty, Inc.",Consumer Cyclical,550.9,714.97,443.6,-0.22947815992279402,17.16883,1.96,13.333,8.6790085,0.46117002,0.089,0.022135848660400415,1.3048457447248485,0.03880635836077176,0.025693631456732202,0.22156195617007857,0.0934,8.3,7.8,23.8,25.0,0,64.9,Cae 23% desde máx. 52s; roe sólido (46.1%); crece 8.9% yoy
FANG,"Diamondback Energy, Inc.",Energy,183.44,216.9,137.03,-0.1542646380820655,9.776985,20.69,5.951,1.35798,0.034930002,0.525,-0.3848028199276532,1.070797953321246,0.09803018843400663,-0.08499597789941549,0.04932440694946583,0.09029,18.0,12.0,14.7,20.0,0,64.7,Cae 15% desde máx. 52s; crece 52.5% yoy
WRB,W.R. Berkley Corporation,Financial Services,67.8,78.96,62.87,-0.14133738601823706,14.005632,4.4,9.885,2.6782541,0.20207001,0.012,0.1055408343699471,1.2025466996623546,0.1210011206980306,0.0049883676378321695,-0.037331470107135556,0.12943,16.4,9.1,24.2,15.0,0,64.7,Roe sólido (20.2%)
IDXX,"IDEXX Laboratories, Inc.",Healthcare,532.63,769.98,500.61,-0.3082547598638926,31.823086,2.84,26.256,26.051847,0.74211,0.097,0.1766051173291583,0.675890218758342,0.02167165415287584,-0.04321974070501855,0.011758229641933848,0.25030002,0.0,19.7,25.0,20.0,0,64.7,Cae 31% desde máx. 52s; roe sólido (74.2%); crece 9.7% yoy
LULU,lululemon athletica inc.,Consumer Cyclical,97.29,225.98,95.35,-0.5694751747942296,11.25233,1.1,4.986,2.267832,0.30898002,-0.043,0.2567696584205337,0.8981516312291463,0.10663059129722831,-0.19100283396538376,-0.14792432426436786,0.12782,23.6,13.0,25.0,3.0,0,64.6,Roe sólido (30.9%); peg atractivo (1.10)
CBRE,CBRE Group Inc,Real Estate,130.0,174.27,121.69,-0.25403110116485916,14.293002,0.72,21.608,4.486781,0.15798001,0.155,-0.035428381522206065,4.88075835197061,0.04350203732130426,-0.1084287622475304,-0.03482071687871957,0.029760001,15.4,12.0,17.0,20.0,0,64.4,Cae 25% desde máx. 52s; roe sólido (15.8%); peg atractivo (0.72)
KR,Kroger Company (The),Consumer Defensive,60.44,76.58,54.15,-0.21075998955340822,10.968689,0.58,7.179,6.1679764,0.14442,0.02,-0.2045740326595622,3.0036055800935313,0.07103200469600418,0.05039968135278694,0.09588870451138809,0.0072600003,24.1,0.0,15.1,25.0,0,64.2,Cae 21% desde máx. 52s; peg atractivo (0.58)
APA,APA Corporation,Energy,42.225,47.44,21.63,-0.10992833052276553,9.445886,1.15,3.355,2.10893,0.26659,0.092,-0.2872611471458141,0.6784964923076923,0.14511349449583122,-0.021436918170282038,0.305563094358966,0.19564,22.9,6.2,25.0,10.0,0,64.1,Roe sólido (26.7%); peg atractivo (1.15); crece 9.2% yoy
NEM,Newmont Corporation,Basic Materials,117.06,135.29,76.05,-0.13474757927415176,11.441093,2.78,6.979,3.517428,0.25905,0.151,,0.3281744735611638,0.0714731822967035,-0.06946151683355761,0.25592799492235785,0.33363998,17.1,12.0,25.0,10.0,0,64.1,Roe sólido (25.9%); crece 15.1% yoy
JBL,Jabil Inc.,Technology,317.845,428.93,189.6,-0.2589816520178117,18.790152,0.82,15.022,25.18382,0.65876,0.118,-0.049779916366686106,1.6449729533910176,0.03637852177381633,0.04122712131451722,-0.17527847920143047,0.02566,12.9,8.8,22.4,20.0,0,64.1,Cae 26% desde máx. 52s; roe sólido (65.9%); peg atractivo (0.82)
SNDK,Sandisk Corporation,Technology,1716.03,2354.39,112.0,-0.27113604797845725,6.5128055,,19.516,16.248592,0.9164,3.716,,0.015930886979438594,0.03072869859904283,0.09531504613458552,-0.24527976319197764,0.56465,7.1,12.0,25.0,20.0,0,64.1,Cae 27% desde máx. 52s; roe sólido (91.6%); crece 371.6% yoy
CB,Chubb Limited,Financial Services,329.9,365.91,265.3,-0.09841217785794333,11.335527,2.51,10.103,1.6878997,0.14822,0.061,0.26953047561705756,1.680709472429817,0.08240400294917563,-0.02275084888764778,-0.028888383227744896,0.18070999,16.2,16.1,21.7,10.0,0,64.0,Cumple criterios base del screener
SPGI,S&P Global Inc.,Financial Services,390.57,522.46924,361.03122,-0.2524535989908229,19.31674,1.93,16.391,3.6551402,0.14255,0.104,0.12852521260492766,1.9339309370291564,0.04731846639459616,-0.1038683677359793,0.015958913282127618,0.30536,6.7,18.5,18.8,20.0,0,64.0,Cae 25% desde máx. 52s; crece 10.4% yoy
TER,"Teradyne, Inc.",Technology,403.44,487.91,131.75,-0.17312619130577364,34.622704,0.73,41.545,20.088633,0.36465,1.039,-0.0631450812985902,0.06653425636200577,0.006934402049931576,0.15368894215786666,-0.1658503161931809,0.25766,7.0,12.0,25.0,20.0,0,64.0,Cae 17% desde máx. 52s; roe sólido (36.5%); peg atractivo (0.73)
CI,The Cigna Group,Healthcare,274.57,315.47,239.51,-0.12964782705170072,8.214951,0.74,7.583,1.69883,0.16758,0.067,0.013586099967532128,2.4986676281147804,0.10999102298558303,5.2686359657050374e-05,0.0015036285000158411,0.022720002,25.0,4.9,19.0,15.0,0,63.9,Roe sólido (16.8%); peg atractivo (0.74)
GLW,Corning Incorporated,Technology,158.31,271.78,77.39,-0.4175068069762307,36.274437,0.94,33.787,11.419606,0.16813,0.166,0.059197116093949065,2.295960946619706,0.005386224281653663,0.06434483694701498,-0.3790937347793607,0.111999996,7.0,17.1,19.8,20.0,0,63.9,Cae 42% desde máx. 52s; roe sólido (16.8%); peg atractivo (0.94)
BKNG,Booking Holdings Inc. Common St,Consumer Cyclical,163.3,224.9956,150.14,-0.27420802895701063,13.203086,0.9,12.181,-11.478983,,0.081,0.29436730925723564,2.0094113991176075,0.06296534669330114,-0.17778705003515638,-0.08160700317815295,0.25527,19.7,18.1,11.0,15.0,0,63.8,Cae 27% desde máx. 52s; peg atractivo (0.90); crece 8.1% yoy
TXN,Texas Instruments Incorporated,Technology,281.47,334.03,152.73,-0.15735113612549756,26.441895,0.99,27.439,14.271156,0.35176,0.228,-0.1664423794170723,1.476050393277311,0.013791966334098148,0.07880110869654477,-0.05085668970848589,0.31111,8.7,12.0,23.1,20.0,0,63.8,Cae 16% desde máx. 52s; roe sólido (35.2%); peg atractivo (0.99)
QCOM,QUALCOMM Incorporated,Technology,184.61,259.92,121.99,-0.2897429978454909,18.091908,0.9,16.99,7.0550694,0.33754003,-0.04,-0.23904480364790937,1.2726060660161278,0.05193873012654778,0.0887772868114296,0.004463154895418819,0.21013,14.8,0.0,23.9,25.0,0,63.7,Cae 29% desde máx. 52s; roe sólido (33.8%); peg atractivo (0.90)
ROST,"Ross Stores, Inc.",Consumer Cyclical,235.1,257.0,147.49,-0.08521400778210118,26.29057,2.53,20.833,11.1453495,0.42628,0.133,0.1470326574793943,1.2958763718669304,0.026546771484063127,0.030692223841463084,0.10666844796490271,0.10848,1.7,23.0,23.8,15.0,0,63.6,Roe sólido (42.6%); crece 13.3% yoy
CASY,"Caseys General Stores, Inc.",Consumer Cyclical,602.86,927.85,497.38,-0.35026135690036103,25.70507,2.71,15.836,5.445496,0.19983,0.243,0.17173098488337635,1.846351493600352,0.022588244596310147,-0.1985483206265003,-0.2409164036931215,0.041389998,2.0,25.0,21.6,15.0,0,63.6,Cae 35% desde máx. 52s; roe sólido (20.0%); crece 24.3% yoy
FFIV,"F5, Inc.",Technology,440.045,462.0,223.76,-0.047521645021644986,24.343136,1.58,25.248,6.485461,0.1983,0.109,0.3082491584064506,0.2733444239383778,0.028779228791473762,0.08084643271231284,0.05790225614825095,0.21952999,2.6,20.9,25.0,15.0,0,63.5,Roe sólido (19.8%); crece 10.9% yoy
ZBH,"Zimmer Biomet Holdings, Inc.",Healthcare,90.76,106.88,79.12,-0.1508233532934131,10.00964,0.57,9.751,1.3703346,0.06413,0.048,0.47778716170066415,3.010574270367031,0.06193334665434887,-0.0927628817909828,0.054245626634838784,0.09481,21.7,14.8,7.0,20.0,0,63.5,Cae 15% desde máx. 52s; peg atractivo (0.57)
GL,Globe Life Inc.,Financial Services,165.575,191.55,127.85,-0.13560428086661458,10.023767,1.3,9.392,2.0725372,0.20944999,0.08,0.23497404952300016,2.0397024415594545,0.09143914190431124,-0.04108994785394726,-0.07164602454946978,0.19577,19.6,18.0,20.8,5.0,0,63.4,Roe sólido (20.9%); peg atractivo (1.30)
DELL,Dell Technologies Inc.,Technology,542.055,595.51,110.22,-0.08976339608067042,18.61636,0.66,20.83,-243.07399,,0.577,0.388859258627138,1.9905225404213132,0.017506033850411853,0.18869099595945427,0.2584033859031367,0.07525,12.3,25.0,11.0,15.0,0,63.4,Peg atractivo (0.66); crece 57.7% yoy
GRMN,Garmin Ltd.,Technology,288.405,314.28,186.67,-0.08233104238258879,25.902298,3.13,23.478,6.161973,0.21886998,0.114,0.1945038186480894,0.09814416178766416,0.018764168693630384,0.019048386185431587,0.21883393387570327,0.24471001,1.9,21.4,25.0,15.0,0,63.3,Roe sólido (21.9%); crece 11.4% yoy
CX,"Cemex, S.A.B. de C.V. Sponsored",Basic Materials,9.615,13.67,8.73,-0.2966349670811997,10.62431,0.39,6.294,1.1193248,0.040149998,0.122,0.041437139986951976,2.1188761305729447,0.08090546435939494,-0.10208492863299501,-0.19636598822342588,0.02831,25.0,12.8,10.5,15.0,0,63.3,Cae 30% desde máx. 52s; peg atractivo (0.39); crece 12.2% yoy
COST,Costco Wholesale Corporation,Consumer Defensive,924.89,1096.5,844.06,-0.15650706794345645,37.002773,4.52,27.605,11.452996,0.28402,0.111,0.11490584815226379,0.5972560736663842,0.017430713320322627,-0.020129463926023994,-0.00973781254063899,0.03043,0.0,18.1,25.0,20.0,0,63.1,Cae 16% desde máx. 52s; roe sólido (28.4%); crece 11.1% yoy
VEEV,Veeva Systems Inc.,Healthcare,275.9,310.5,148.05,-0.1114331723027376,26.915392,1.25,35.558,6.1546354,0.14425,0.176,0.21943656983611137,0.14106688027356412,0.028155172832736716,-0.03426794238951281,0.5546289062869443,0.29345,4.9,25.0,23.1,10.0,0,63.0,Peg atractivo (1.25); crece 17.6% yoy
PODD,Insulet Corporation,Healthcare,130.91,354.88,126.4,-0.6311147430117223,16.986937,1.07,15.686,6.383674,0.26016,0.235,2.677000887090766,1.5423646923982277,0.026092725728895018,-0.11939997015164971,-0.1401641795592159,0.12291,12.1,25.0,22.8,3.0,0,62.9,Roe sólido (26.0%); peg atractivo (1.07); crece 23.5% yoy
JKHY,"Jack Henry & Associates, Inc.",Technology,146.32,193.39,121.04,-0.24339417756864365,18.631588,1.8,14.853,4.9965854,0.24040002,0.047,0.11613630584727663,0.11082233938207238,0.034333556089349286,-0.1254122134570952,0.06615389319257625,0.19760999,5.9,11.8,25.0,20.0,0,62.6,Cae 24% desde máx. 52s; roe sólido (24.0%)
HPQ,HP Inc.,Technology,30.725,36.23,17.56,-0.1519459011868616,9.791362,3.34,7.423,-301.2255,,0.125,-0.04577964126449208,2.230155252174343,0.1223449109495068,0.03343077804840533,0.41401961417703803,0.04143,18.0,9.5,10.1,25.0,0,62.6,Cae 15% desde máx. 52s; crece 12.5% yoy
STLD,"Steel Dynamics, Inc.",Basic Materials,222.5299,288.74,137.6,-0.2293069889866316,11.368949,11.95,13.756,3.3926895,0.17568001,0.334,-0.2744594336083199,1.6427870682925825,0.007342618088419608,-0.04337584086674018,-0.030201774969641715,0.07825,8.1,12.0,22.4,20.0,0,62.5,Cae 23% desde máx. 52s; roe sólido (17.6%); crece 33.4% yoy
MRSH,Marsh,Financial Services,170.005,207.83,156.6,-0.18199971130250692,14.899167,1.5,13.096,5.351286,0.25902998,0.062,0.11754120579715521,2.88502188176298,0.05898373021390625,-0.10429398235334741,0.02578000707088557,0.14241,11.5,13.4,17.5,20.0,0,62.4,Cae 18% desde máx. 52s; roe sólido (25.9%)
AXP,American Express Company,Financial Services,304.8,387.49,290.97,-0.21339905545949572,15.105867,1.24,,6.001772,0.34377,0.128,0.16013011813213862,,,-0.07683927856252293,-0.09642468578781882,0.16141,10.6,22.8,14.0,15.0,0,62.4,Cae 21% desde máx. 52s; roe sólido (34.4%); peg atractivo (1.24)
AMCR,Amcor plc,Consumer Cyclical,42.38,50.94,36.25,-0.16804083235178632,9.727613,0.99,9.56,1.6605283,0.09396,0.259,-0.12271787891033503,4.281674135746607,0.07675736342859556,-0.06321832295984098,-0.008329570197355585,0.04705,23.3,12.0,7.0,20.0,0,62.3,Cae 17% desde máx. 52s; peg atractivo (0.99); crece 25.9% yoy
CME,CME Group Inc.,Financial Services,265.2701,329.16,218.31,-0.19409982986997207,20.52156,4.6,20.173,3.5936668,0.15802,0.008,0.1467730855550884,0.810819274018343,0.030497386195208177,-0.06649600410329015,0.20688034053344007,0.63443,4.5,12.7,25.0,20.0,0,62.2,Cae 19% desde máx. 52s; roe sólido (15.8%)
PPG,"PPG Industries, Inc.",Basic Materials,105.82,133.43,93.39,-0.2069249793899424,12.21497,1.54,11.044,2.7862034,0.19297001,0.072,0.1711842980563978,2.7679765049299454,0.046957789391883706,-0.05661048923756795,-0.1221193157385525,0.09573,12.1,17.2,17.9,15.0,0,62.2,Cae 21% desde máx. 52s; roe sólido (19.3%)
ERIE,Erie Indemnity Company,Financial Services,221.245,330.54,204.63,-0.330655896411932,15.791934,2.67,13.608,4.6892815,0.24808,0.028,0.23248184974906239,0.07563965926944964,0.041595046427927176,-0.13427376259674073,-0.07190394176942161,0.14007,9.0,13.0,25.0,15.0,0,62.0,Cae 33% desde máx. 52s; roe sólido (24.8%)
AMD,"Advanced Micro Devices, Inc.",Technology,610.59,639.0,159.33,-0.044460093896713564,39.19493,0.64,102.855,14.823383,0.10196,0.501,0.46663551029184314,0.4471867630496008,0.008870124090801384,0.29714060433388245,0.05109234663380979,0.15577,7.0,25.0,15.0,15.0,0,62.0,Peg atractivo (0.64); crece 50.1% yoy
GE,GE Aerospace,Industrials,319.0,388.84,268.91,-0.17961115111614026,35.153797,4.16,29.67,18.763603,0.48231998,0.211,4.460320482827598,1.7617348235002253,0.019924396385844183,-0.0497750793256152,-0.14537869285926686,0.17716,0.0,25.0,22.0,15.0,0,62.0,Cae 18% desde máx. 52s; roe sólido (48.2%); crece 21.1% yoy
RJF,"Raymond James Financial, Inc.",Financial Services,159.8201,182.73,138.82,-0.12537569091008588,11.257085,0.78,,2.4179263,0.18416001,0.151,0.13848488040155704,,,-0.1029909607710292,0.05498784856801664,0.15131,14.0,24.0,14.0,10.0,0,62.0,Roe sólido (18.4%); peg atractivo (0.78); crece 15.1% yoy
BSX,Boston Scientific Corporation,Healthcare,43.355,105.65,42.2,-0.5896355892096545,12.704501,0.62,13.352,2.5159585,0.15338999,0.075,0.6275327586449331,2.2104709960654625,0.03901516159003015,-0.1023809476798071,0.015815352207921407,0.17499,16.3,17.5,20.2,8.0,0,62.0,Roe sólido (15.3%); peg atractivo (0.62)
MA,Mastercard Incorporated,Financial Services,564.75,601.23,464.52,-0.06067561498927202,24.52789,1.48,23.009,88.29737,2.41202,0.141,0.17359895932136804,1.109995062881838,0.0342840872692007,-0.04167585423688969,0.1014343974459393,0.46339,3.3,24.1,24.6,10.0,0,61.9,Roe sólido (241.2%); peg atractivo (1.48); crece 14.1% yoy
CCL,Carnival Corporation Ltd.,Consumer Cyclical,25.0015,34.03,21.45,-0.26531002057008524,9.666899,0.77,7.432,2.6451015,0.26689,0.053,,3.5839494523766735,0.05546708179546209,0.046672239414174976,-0.1201973174040567,0.11237001,22.5,2.3,17.0,20.0,0,61.8,Cae 27% desde máx. 52s; roe sólido (26.7%); peg atractivo (0.77)
SYK,Stryker Corporation,Healthcare,277.18,392.55,267.0,-0.2938988663864476,16.575956,1.27,15.94,4.432185,0.16508,0.094,0.10831881855201275,2.094088885032538,0.0386467492325305,-0.14397775440002614,-0.11961632607088502,0.14433,10.3,15.8,20.6,15.0,0,61.8,Cae 29% desde máx. 52s; roe sólido (16.5%); peg atractivo (1.27)
DXCM,"DexCom, Inc.",Healthcare,86.38,92.59,54.11,-0.06706987795658287,27.649918,1.33,22.92,12.435934,0.38491002,0.131,0.36597938323358603,0.9965792474344356,0.03132744064514808,-0.051394689552504924,0.28255381158782145,0.20118,3.6,23.1,25.0,10.0,0,61.7,Roe sólido (38.5%); peg atractivo (1.33); crece 13.1% yoy
ABNB,"Airbnb, Inc.",Consumer Cyclical,157.54,193.453,110.81,-0.18564199056101488,25.463602,1.35,29.862,11.917694,0.34542,0.165,-0.28262813394888053,0.9040203034615355,0.03399537175621727,-0.14015941362011397,0.10090836175207141,0.2045,4.6,12.0,25.0,20.0,0,61.6,Cae 19% desde máx. 52s; roe sólido (34.5%); peg atractivo (1.35)
HAS,"Hasbro, Inc.",Consumer Cyclical,88.325,106.98,69.5,-0.17437838848382875,13.55986,1.6,11.646,17.693308,1.5956,0.162,,2.982772077293811,0.05523870123172609,-0.06137089925104644,0.07746392750823805,0.15968001,12.4,12.0,17.1,20.0,0,61.5,Cae 17% desde máx. 52s; roe sólido (159.6%); crece 16.2% yoy
GRUMAB.MX,GRUMA SAB DE CV,Consumer Defensive,236.16,351.85,225.08,-0.32880488844678135,9.631517,1.08,82.272,2.075956,0.22107,0.031,0.200326708428884,2.12228641539909,0.0033344788854942726,-0.05206117676112132,-0.1584377036007294,0.07363,12.9,13.1,20.5,15.0,0,61.5,Cae 33% desde máx. 52s; roe sólido (22.1%); peg atractivo (1.08)
IQV,"IQVIA Holdings, Inc.",Healthcare,269.4,277.4,154.5,-0.028839221341023794,18.631994,0.98,19.326,7.1857243,0.22818,0.087,0.11081058953610357,5.333005102362205,0.04847977011054697,0.03143302338656673,0.3942655635777872,0.08096,14.2,15.3,17.0,15.0,0,61.5,Roe sólido (22.8%); peg atractivo (0.98); crece 8.7% yoy
CSCO,"Cisco Systems, Inc.",Technology,107.04,130.37,66.81,-0.17895221293242308,19.039894,0.98,23.393,8.399906,0.27319,0.176,-0.03299135343193793,1.6728355681859755,0.026498199258459268,-0.031224518191193318,-0.08530194635833077,0.20951,12.1,12.0,22.3,15.0,0,61.4,Cae 18% desde máx. 52s; roe sólido (27.3%); peg atractivo (0.98)
TJX,"TJX Companies, Inc. (The)",Consumer Cyclical,134.1399,170.0,122.78,-0.21094176470588227,23.23364,2.54,17.026,14.2489805,0.62171,0.054,0.17920914155588186,1.6081095784657966,0.029807614259361313,0.0017167419141865814,-0.11179447283271748,0.09729,3.2,15.4,22.6,20.0,0,61.1,Cae 21% desde máx. 52s; roe sólido (62.2%)
BE,Bloom Energy Corporation,Industrials,295.35,351.28,70.89,-0.15921771805966736,59.924404,0.65,185.312,53.748863,0.22213,1.655,,6.726780500860256,0.006111572468203127,0.43165294102984775,-0.024281485983187245,0.07868,7.0,12.0,17.0,25.0,0,61.0,Cae 16% desde máx. 52s; roe sólido (22.2%); peg atractivo (0.65)
ANET,"Arista Networks, Inc.",Technology,204.1883,214.89,114.52,-0.04980082833077383,39.362206,1.55,52.829,17.402906,0.31476,0.377,0.37084474021641967,,0.015111067164411747,0.04342731314630943,0.20195601358668114,0.38371,0.0,25.0,21.0,15.0,0,61.0,Roe sólido (31.5%); crece 37.7% yoy
MU,"Micron Technology, Inc.",Technology,1071.785,1255.0,163.96,-0.14598804780876487,6.6367435,0.16,17.16,12.013508,0.66638,3.457,-0.006929629272242499,0.09345958623808386,0.0063112019467948905,0.11792690423477925,-0.07132970683770357,0.55906,14.0,12.0,25.0,10.0,0,61.0,Roe sólido (66.6%); peg atractivo (0.16); crece 345.7% yoy
MS,Morgan Stanley,Financial Services,192.94,232.25,151.84,-0.16925726587728743,14.184335,1.73,,2.8456807,0.17969999,0.28,0.18408680655257537,,,-0.09553724068571556,-0.07193794774102369,0.25897,7.0,25.0,14.0,15.0,0,61.0,Cae 17% desde máx. 52s; roe sólido (18.0%); crece 28.0% yoy
KDP,Keurig Dr Pepper Inc.,Consumer Defensive,31.125,33.82,24.88,-0.07968657599053815,12.279657,0.99,17.355,1.6920358,0.051,0.756,0.14847977704937376,6.974828388935091,0.10877518398328787,-0.015986003977792707,-0.04214219704426092,0.07103,19.0,24.9,7.0,10.0,0,60.9,Peg atractivo (0.99); crece 75.6% yoy
NTRS,Northern Trust Corporation,Financial Services,173.61,195.78,121.12,-0.11323935029114306,13.653609,0.99,,2.5376384,0.17066,0.364,0.12490113204685827,,,-0.05998668183549427,0.00338742429643335,0.2467,14.0,22.8,14.0,10.0,0,60.8,Roe sólido (17.1%); peg atractivo (0.99); crece 36.4% yoy
PAYX,"Paychex, Inc.",Technology,99.215,129.24,85.45,-0.23231971525843395,15.530104,1.89,12.682,9.445449,0.47055,0.059,0.04379080767859933,1.501266942117554,0.0534311169254756,-0.22086540606905347,0.019506098468283994,0.27353,11.1,6.7,23.0,20.0,0,60.8,Cae 23% desde máx. 52s; roe sólido (47.1%)
V,Visa Inc.,Financial Services,367.34,385.57,293.89,-0.04728064942811946,24.482315,1.66,22.077,19.466877,0.6119,0.144,0.13370669304847693,0.7672862985346992,0.02958698141469405,-0.0317104645441999,0.0726702411062452,0.50782,2.6,23.0,25.0,10.0,0,60.6,Roe sólido (61.2%); crece 14.4% yoy
BRO,"Brown & Brown, Inc.",Financial Services,60.26,96.55,53.81,-0.37586742620403935,12.488705,1.51,9.45,1.5803828,0.10023,0.324,0.10064241629820891,2.7890732614107883,0.08147097999312987,-0.16502702160988791,-0.05846457601036803,0.18084998,16.8,20.7,7.8,15.0,0,60.3,Cae 38% desde máx. 52s; crece 32.4% yoy
GEV,GE Vernova Inc.,Industrials,960.17,1195.94,530.16,-0.1971419970901551,38.192657,1.87,62.418,21.374763,0.82577,0.219,,0.9472879906731776,0.06151570941681636,0.06798878593753521,-0.18320480135338602,0.23035,3.2,12.0,25.0,20.0,0,60.2,Cae 20% desde máx. 52s; roe sólido (82.6%); crece 21.9% yoy
AMP,"Ameriprise Financial, Inc.",Financial Services,496.95,572.56,422.37,-0.13205602906245628,9.618053,1.39,,6.904577,0.63432,0.116,0.09411381840681132,,0.06613463937218766,-0.10153491101563716,0.08663044266686892,0.199,12.2,16.8,21.0,10.0,0,59.9,Roe sólido (63.4%); peg atractivo (1.39); crece 11.6% yoy
AME,"AMETEK, Inc.",Industrials,250.665,261.16,179.24,-0.040186092816664236,26.05676,2.85,23.799,5.1033225,0.14562,0.15,0.08504416556765815,0.924125504476782,0.025966230155242787,0.06744184882940663,0.03757247576172529,0.20044,1.8,19.4,23.5,15.0,0,59.8,Crece 15.0% yoy
CVX,Chevron Corporation,Energy,204.01,217.78,146.49,-0.06322894664340165,14.4312525,0.89,8.666,2.107541,0.12231,0.535,-0.2868529133996226,0.7318108715484921,0.05480942198172267,-0.010502538529848948,0.24128338599246635,0.09834,21.9,12.0,15.8,10.0,0,59.7,Peg atractivo (0.89); crece 53.5% yoy
STE,STERIS plc (Ireland),Healthcare,209.4413,269.44,195.14,-0.22267926068883606,17.101282,1.74,13.502,2.8335426,0.11389,0.073,0.9496791015468369,1.2462663870042818,0.03912051841585755,-0.09697237162545036,-0.002325421149593776,0.13333,8.2,17.3,14.0,20.0,0,59.5,Cae 22% desde máx. 52s
OKE,"ONEOK, Inc.",Energy,86.6701,99.85,64.02,-0.13199699549323976,13.896676,1.67,11.586,2.3818972,0.16277,0.528,0.12173263216522323,4.305345313287588,0.01646987647932626,-0.09728053929114255,0.0087818007606697,0.09287,9.9,22.6,17.0,10.0,0,59.5,Roe sólido (16.3%); crece 52.8% yoy
ZBRA,Zebra Technologies Corporation,Technology,372.7275,386.23,199.05,-0.03495973901561245,16.789785,0.62,17.228,5.1421328,0.15286,0.204,-0.024059043989460127,2.5016890810810812,0.03270673259395908,0.05424274194341949,0.41581514365495,0.092180006,13.4,12.0,19.0,15.0,0,59.4,Roe sólido (15.3%); peg atractivo (0.62); crece 20.4% yoy
CDNS,"Cadence Design Systems, Inc.",Technology,321.44,416.69,262.75,-0.22858719911684947,33.631805,2.49,42.251,12.9082,0.23229,0.242,0.09527334351951566,1.2298068180617256,0.018183848261161352,-0.05118364838647693,-0.14355750781031096,0.23605,0.0,20.3,24.1,15.0,0,59.3,Cae 23% desde máx. 52s; roe sólido (23.2%); crece 24.2% yoy
UBER,"Uber Technologies, Inc.",Technology,69.385,101.295,65.41,-0.31502048472283917,15.72112,5.94,20.022,5.1818523,0.3716,0.122,,1.9709660235862525,0.051119068095029786,-0.08281558841086423,-0.038456227619844685,0.17345,8.8,9.2,21.1,20.0,0,59.1,Cae 32% desde máx. 52s; roe sólido (37.2%); crece 12.2% yoy
NTAP,"NetApp, Inc.",Technology,208.5,209.06,93.69,-0.0026786568449249128,18.748415,2.23,18.667,27.33351,1.14818,0.299,0.031252593706817544,1.2095465635269784,0.02860265550519184,0.1252631418579917,0.35133924862831356,0.19184999,5.3,14.7,24.2,15.0,0,59.1,Roe sólido (114.8%); crece 29.9% yoy
JNJ,Johnson & Johnson,Healthcare,267.155,281.07,181.07,-0.04950724018927677,22.009804,2.84,19.605,7.5715623,0.25742,0.066,0.1790172233284293,1.4061711562296504,0.02622661445975558,0.004908755485501626,0.05710354111545879,0.21482,3.7,16.6,23.4,15.0,0,58.7,Roe sólido (25.7%)
GEN,Gen Digital Inc.,Technology,20.825,31.65,17.78,-0.3420221169036335,6.296887,1.09,8.35,4.6966624,0.41944,0.063,-0.10088488131506812,3.3925313005161852,0.12411180414235515,-0.3283871066185736,-0.15983193984907773,0.20732,23.4,3.3,17.0,15.0,0,58.7,Cae 34% desde máx. 52s; roe sólido (41.9%); peg atractivo (1.09)
SCHW,Charles Schwab Corporation (The,Financial Services,98.735,114.53,83.96,-0.13791146424517595,12.609109,0.84,,3.883688,0.20273,0.209,0.09933056473764434,,,-0.1009378903230419,0.07318650395240867,0.38793,14.0,20.6,14.0,10.0,0,58.6,Roe sólido (20.3%); peg atractivo (0.84); crece 20.9% yoy
GD,General Dynamics Corporation,Industrials,331.8,400.0,306.77,-0.17049999999999998,17.845156,2.08,14.386,3.3413894,0.17803,0.081,0.08220181851997577,1.4290668107131428,0.049015064574455404,-0.10650334633230651,-0.059224584366376565,0.08179,8.1,12.2,23.3,15.0,0,58.6,Cae 17% desde máx. 52s; roe sólido (17.8%); crece 8.1% yoy
KEYS,Keysight Technologies Inc.,Technology,358.72,374.963,158.79,-0.04331894080215913,25.860086,0.72,36.163,9.296877,0.20897,0.365,-0.07507441127539838,1.6289753404004712,0.030573423564875413,0.1116206620734892,0.024709325893415235,0.19143,9.0,12.0,22.5,15.0,0,58.5,Roe sólido (20.9%); peg atractivo (0.72); crece 36.5% yoy
ETN,"Eaton Corporation, PLC",Industrials,433.33,478.0,311.92,-0.09345188284518832,26.885466,2.67,28.353,8.309778,0.19684,0.214,0.19394037764220395,3.212230745958312,0.018455294825215643,0.07825714468831024,0.019422090728367092,0.12752,1.5,25.0,17.0,15.0,0,58.5,Roe sólido (19.7%); crece 21.4% yoy
ALGN,"Align Technology, Inc.",Healthcare,143.57,200.44,123.02,-0.28372580323288765,11.480761,0.62,10.067,2.4167187,0.10155,0.043,0.07016113370463617,0.1305465687381084,0.0582508228541561,-0.10150814596299063,-0.14876079564278621,0.09991,21.1,7.4,15.0,15.0,0,58.4,Cae 28% desde máx. 52s; peg atractivo (0.62)
ASURB.MX,GPO AEROPORTUARIO DEL SURESTE S,Industrials,433.37,652.9,411.65,-0.3362383213355797,10.793096,0.92,8.168,3.1362035,0.22775999,0.099,0.016464930180217774,1.7509839111416325,-0.046102476055706686,-0.007920682099294751,-0.1916548551365641,0.26075,19.9,8.3,15.0,15.0,0,58.2,Cae 34% desde máx. 52s; roe sólido (22.8%); peg atractivo (0.92)
CMG,"Chipotle Mexican Grill, Inc.",Consumer Cyclical,32.25,42.82,28.04,-0.2468472676319477,23.51783,1.4,19.8,18.587896,0.49560001,0.093,0.2116972328310951,2.3820431590819506,0.02735779880648134,-0.1519852475631276,-0.05147058823529416,0.114250004,4.4,19.3,19.5,15.0,0,58.2,Cae 25% desde máx. 52s; roe sólido (49.6%); peg atractivo (1.40)
WMT,Walmart Inc.,Consumer Defensive,106.38,135.16,98.88,-0.21293282036105357,32.940388,4.15,21.164,8.6005335,0.22313999,0.059,0.24246846900153307,1.7038095689502146,0.008419312657108893,0.014398726683404695,-0.05849662654897847,0.03,0.0,15.9,22.2,20.0,0,58.1,Cae 21% desde máx. 52s; roe sólido (22.3%)
MDT,Medtronic plc.,Healthcare,87.28,106.33,73.31,-0.1791592212922035,13.624173,1.59,12.916,2.2241476,0.106479995,0.137,0.09770735592175162,2.7049386357540914,0.048480355972106606,-0.029279533075197817,0.12483461732691259,0.13934,10.6,19.2,8.2,20.0,0,58.0,Cae 18% desde máx. 52s; crece 13.7% yoy
P,"Everpure, Inc.",Technology,131.215,132.435,56.78,-0.009212066296673831,36.963326,2.57,110.223,28.383083,0.17714001,0.377,0.33724695553794337,0.586576620175767,-0.0026152837508007097,0.4116729493918727,0.6653762509606946,0.05943,0.0,25.0,18.0,15.0,0,58.0,Roe sólido (17.7%); crece 37.7% yoy
EIX,Edison International,Utilities,53.0599,81.62,51.1,-0.349915461896594,8.159421,2.34,7.251,1.1702926,0.19734,-0.041,0.9326535131289801,4.875700043907011,0.004034392593722856,-0.017045223667546683,-0.27884795551642405,0.19281,13.0,13.0,17.0,15.0,0,58.0,Cae 35% desde máx. 52s; roe sólido (19.7%)
AAPL,Apple Inc.,Technology,331.625,345.34,243.42,-0.03971448427636525,34.59707,2.74,29.535,45.057743,1.4875101,0.164,0.06880679389561806,0.5021701417678983,0.022257529471326296,0.04663087773985186,0.14705214861797722,0.27618998,0.0,18.0,25.0,15.0,0,58.0,Roe sólido (148.8%); crece 16.4% yoy
IVZ,Invesco Ltd,Financial Services,30.315,33.66,20.67,-0.0993761140819963,9.295545,0.9,12.218,1.3435714,-0.0057300003,0.205,,1.124031007751938,0.08523474495035606,-0.07519824091012772,0.15641383017533284,-0.00934,21.4,12.0,14.5,10.0,0,57.9,Peg atractivo (0.90); crece 20.5% yoy
JBHT,"J.B. Hunt Transport Services, I",Industrials,228.305,299.76,131.71,-0.2383740325593808,22.788614,1.62,13.519,5.8628435,0.18448,0.194,-0.1273690799954259,0.8383316087881152,0.04211640563511045,-0.13999701802097064,-0.20986046578437512,0.05311,5.8,12.0,25.0,15.0,0,57.8,Cae 24% desde máx. 52s; roe sólido (18.4%); crece 19.4% yoy
TT,Trane Technologies plc,Industrials,453.995,505.87,348.06,-0.10254610868404926,25.835611,1.6,23.857,11.598667,0.36643,0.106,0.20168608298627833,1.0715811249739151,0.031251432624162336,0.02400612124944579,-0.07348260242102012,0.13278,2.1,20.6,24.7,10.0,0,57.4,Roe sólido (36.6%); crece 10.6% yoy
CHRW,"C.H. Robinson Worldwide, Inc.",Industrials,149.36,210.33,123.64,-0.28987781105881233,19.91164,1.79,20.522,10.74687,0.37123,0.193,-0.13256194627034545,2.1150377875721666,0.027538016347478256,0.0023000216567794496,-0.20354555396076823,0.03726,4.7,12.0,20.5,20.0,0,57.2,Cae 29% desde máx. 52s; roe sólido (37.1%); crece 19.3% yoy
REGN,"Regeneron Pharmaceuticals, Inc.",Healthcare,750.18,859.34,541.0,-0.12702771894709902,12.32154,1.3,14.849,2.3731537,0.14043,0.167,0.02765976893685007,0.5755784144266758,0.039688081010827984,-0.061195403924816816,0.20450327924952982,0.27865,10.9,14.4,21.8,10.0,0,57.1,Peg atractivo (1.30); crece 16.7% yoy
OMC,Omnicom Group Inc.,Communication Services,73.915,89.57,66.33,-0.17477950206542356,6.3404393,15.97,8.053,2.098785,0.060510002,0.634,,3.1038215964428915,0.21010778159481816,-0.14686338330473458,0.025333655631278207,0.017439999,18.0,12.0,7.0,20.0,0,57.0,Cae 17% desde máx. 52s; crece 63.4% yoy
PNR,Pentair plc.,Industrials,52.86,113.95,52.64,-0.5361123299692848,10.22722,0.86,9.798,2.2507026,0.17126,-0.17,0.10942784716109877,1.705353722458446,0.0661785607884908,-0.12570292076092549,-0.3074492576771203,0.16237,22.1,9.5,22.2,3.0,0,56.7,Roe sólido (17.1%); peg atractivo (0.86)
XOM,ExxonMobil Holdings Corporation,Energy,161.205,176.41,110.39,-0.08619125899892288,14.480757,1.38,10.403,2.5555644,0.12584,0.441,-0.20351593235352716,0.6236365909888123,0.03118452747765994,0.001584373331144029,0.18672347807684564,0.09072,12.7,12.0,16.9,15.0,0,56.7,Peg atractivo (1.38); crece 44.1% yoy
ADP,"Automatic Data Processing, Inc.",Technology,260.955,293.91,188.16,-0.11212616106971535,19.47652,2.45,16.423,17.212254,0.72239,0.068,0.1254965474117824,0.8601665485400549,0.0507046088044431,-0.08224401116980506,0.17269508494386265,0.20109,7.0,14.7,25.0,10.0,0,56.7,Roe sólido (72.2%)
GILD,"Gilead Sciences, Inc.",Healthcare,151.41,157.29,108.46,-0.037383177570093434,15.310782,2.24,14.384,15.884391,-0.2068,0.102,0.230389935777624,1.7975481648546732,0.05203361461837452,0.04047280310510071,0.2051826905273133,-0.10637999,9.6,20.2,11.8,15.0,0,56.6,Crece 10.2% yoy
AJG,Arthur J. Gallagher & Co.,Financial Services,227.06,313.55,190.75,-0.2758411736565141,15.278218,0.68,16.689,2.4537475,0.06722,0.309,0.03414517858473087,3.2896456119402986,0.03577540869897741,-0.13154037939873287,-0.008290898059441387,0.10378,14.4,15.0,7.0,20.0,0,56.4,Cae 28% desde máx. 52s; peg atractivo (0.68); crece 30.9% yoy
BNY,The Bank of New York Mellon Cor,Financial Services,147.595,165.84,103.11,-0.11001567776169804,14.398923,1.14,,2.509223,0.14124,0.131,0.36650504879853796,,,-0.08485241606010263,0.024704147606426474,0.29413998,12.0,23.1,11.1,10.0,0,56.2,Peg atractivo (1.14); crece 13.1% yoy
RTX,RTX Corporation,Industrials,187.28,226.88,155.64,-0.1745416078984485,23.853102,2.2,17.945,3.8026395,0.12274,0.145,0.12323650810265119,2.4445422668480212,0.03914295585355357,-0.09844508433468913,-0.009634005585099192,0.08276,3.8,22.2,10.1,20.0,0,56.1,Cae 17% desde máx. 52s; crece 14.5% yoy
JPM,JP Morgan Chase & Co.,Financial Services,335.38,366.5,279.1,-0.08491132332878583,13.388675,1.59,,2.5215213,0.17789,0.304,0.18307585413289562,,,-0.05797422832364274,0.02920869995690145,0.34921002,7.0,25.0,14.0,10.0,0,56.0,Roe sólido (17.8%); crece 30.4% yoy
FAST,Fastenal Company,Industrials,49.955,52.92,38.97,-0.05602796674225252,35.611176,3.35,29.761,14.087705,0.34334,0.147,0.04873290947559794,0.22586585807146495,0.015981736255900617,0.013080519971614413,0.045786632088759216,0.15454,0.0,15.9,25.0,15.0,0,55.9,Roe sólido (34.3%); crece 14.7% yoy
DRI,"Darden Restaurants, Inc.",Consumer Cyclical,195.1,229.76,169.0,-0.15085306406685237,15.737361,1.78,14.345,10.082167,0.55431,0.051,0.09114765771480715,4.0009801204166715,0.04607654414752406,-0.08942401238934516,-0.04529897962718943,0.08845,8.8,10.0,17.0,20.0,0,55.8,Cae 15% desde máx. 52s; roe sólido (55.4%)
BBY,"Best Buy Co., Inc.",Consumer Cyclical,88.95,96.53,55.1,-0.07852481093960426,12.331541,1.69,7.864,5.879825,0.43126,0.036,-0.07119053945313414,1.58174184051297,0.07522670243852743,0.12143906894863798,0.1845459070373312,0.03014,17.5,0.6,22.7,15.0,0,55.8,Roe sólido (43.1%)
SYF,Synchrony Financial,Financial Services,71.52,88.77,63.08,-0.194322406218317,6.840131,0.89,,1.5310512,0.20786,0.006,0.14698465804724004,,,-0.07213291458107118,-0.05550535210030172,0.35507,14.0,12.7,14.0,15.0,0,55.7,Cae 19% desde máx. 52s; roe sólido (20.8%); peg atractivo (0.89)
CTAS,Cintas Corporation,Industrials,197.1,219.17,161.16,-0.1006980882420039,31.987875,3.16,26.605,15.130115,0.41375,0.109,0.14774156781864378,0.8732781369723409,0.020610950833522067,-0.02324192149591342,0.16187683848943157,0.17824,0.0,20.7,25.0,10.0,0,55.7,Roe sólido (41.4%); crece 10.9% yoy
GAPB.MX,GPO AEROPORTUARIO DEL PACIFICO ,Industrials,378.83,512.65,338.35,-0.26103579440163854,15.836043,1.08,12.301,4.2807097,0.28030002,0.037,0.02874632501200769,2.8874320522275942,0.03060159671707596,0.07928771103209575,-0.1427246168711036,0.30825,14.9,3.2,17.5,20.0,0,55.5,Cae 26% desde máx. 52s; roe sólido (28.0%); peg atractivo (1.08)
AON,Aon plc,Financial Services,273.68,382.34,269.02,-0.284197311293613,13.493432,2.18,12.306,6.0449705,0.44699,0.022,0.11921526017460926,2.690508336140655,0.05496344876010859,-0.14879322584157073,-0.1730114230790405,0.22268,11.8,10.3,18.2,15.0,0,55.4,Cae 28% desde máx. 52s; roe sólido (44.7%)
MSI,"Motorola Solutions, Inc.",Technology,448.44,494.85,359.36,-0.09378599575628983,23.078966,2.01,22.284,27.775782,0.91567004,0.133,0.1715090983184706,2.5596061714663145,0.02666611433559498,-0.0735635394209615,0.08261597826587463,0.17438999,3.2,23.3,18.8,10.0,0,55.3,Roe sólido (91.6%); crece 13.3% yoy
BAC,Bank of America Corporation,Financial Services,55.045,65.23,46.12,-0.1561398129694926,10.424973,0.89,,1.3991408,0.111990005,0.168,0.0609903426261329,,,-0.10678328192232445,-0.029030474239462922,0.29524,14.0,17.3,4.0,20.0,0,55.3,Cae 16% desde máx. 52s; peg atractivo (0.89); crece 16.8% yoy
WFC,Wells Fargo & Company,Financial Services,80.67,97.76,72.78,-0.17481587561374798,10.147769,1.3,,1.482087,0.12575,0.095,0.25858213172380196,,,-0.06621138165430429,-0.018234054394641097,0.27232,9.8,19.5,5.9,20.0,0,55.2,Cae 17% desde máx. 52s; peg atractivo (1.30); crece 9.5% yoy
PH,Parker-Hannifin Corporation,Industrials,966.68,1099.94,715.37,-0.12115206283979135,24.548689,3.28,23.031,7.913423,0.25076,0.098,0.3903778474522208,1.541843163841808,0.024294492795616397,-0.013027862588641193,-0.00970543490473863,0.16968,2.5,19.8,22.8,10.0,0,55.2,Roe sólido (25.1%); crece 9.8% yoy
JCI,Johnson Controls International ,Industrials,149.93,157.06,104.49,-0.045396663695403,24.689589,1.72,22.903,6.736307,0.14332,0.093,0.319394360396549,2.1907514218209774,0.03285800669836952,0.08759935907227523,0.02901735759079238,0.14319,2.8,19.3,18.0,15.0,0,55.1,Crece 9.3% yoy
LYB,LyondellBasell Industries NV,Basic Materials,57.95,83.94,41.58,-0.3096259232785322,9.188961,1.53,8.584,1.754094,-0.02269,0.198,,4.016255713004484,0.06559811836117982,-0.10955748106191598,0.1120270694544172,-0.01132,16.1,12.0,7.0,20.0,0,55.1,Cae 31% desde máx. 52s; crece 19.8% yoy
MRVL,"Marvell Technology, Inc.",Technology,262.64,329.88,70.69,-0.2038316963744392,38.79967,1.39,77.972,12.6244955,0.16523,0.365,,1.8545767624598706,0.010202053709226167,0.24085802751714858,-0.11811471267317097,0.27934998,1.5,12.0,21.6,20.0,0,55.1,Cae 20% desde máx. 52s; roe sólido (16.5%); peg atractivo (1.39)
PEP,"Pepsico, Inc.",Consumer Defensive,128.48,171.48,126.42,-0.2507581059015629,14.381209,1.32,11.548,7.9421396,0.51508,0.064,-0.022300467686685255,2.8182394120780367,0.04462513527019592,-0.0747290114281074,-0.04097095360351244,0.10785,13.9,3.4,17.7,20.0,0,55.1,Cae 25% desde máx. 52s; roe sólido (51.5%); peg atractivo (1.32)
VST,Vistra Corp.,Utilities,140.335,217.1,132.66,-0.35359281437125745,13.538519,0.35,10.365,15.685147,0.42962003,-0.055,,3.085765853298521,0.0007881936966671267,0.023257224108696573,-0.11388240730445709,0.1155,18.0,0.0,17.0,20.0,0,55.0,Cae 35% desde máx. 52s; roe sólido (43.0%); peg atractivo (0.35)
EG,"Everest Group, Ltd.",Financial Services,367.055,401.07,302.44,-0.08481063156057543,6.140868,0.97,,0.920611,0.12572,-0.113,0.35512079144898445,,0.1466989299940716,-0.014945200059524266,0.03309005609663296,0.11376,19.0,13.0,12.9,10.0,0,54.9,Peg atractivo (0.97)
DLR,"Digital Realty Trust, Inc.",Real Estate,176.19,208.14,146.23,-0.1535024502738541,63.788887,11.54,26.967,2.441387,0.02912,0.299,0.47747457450932274,6.25328180340399,0.056634352976647456,-0.04413951233249891,-0.012149830542985351,0.11825,2.7,25.0,7.0,20.0,0,54.7,Cae 15% desde máx. 52s; crece 29.9% yoy
XYL,Xylem Inc.,Industrials,100.64,154.27,100.17,-0.34763725935048945,16.113976,1.25,12.935,2.1353703,0.09182999,0.015,0.2599210498948732,1.544489415571284,0.05037638617156053,-0.08600491479620276,-0.14539379914066997,0.111549996,13.8,13.0,12.8,15.0,0,54.6,Cae 35% desde máx. 52s; peg atractivo (1.25)
FIS,Fidelity National Information S,Technology,33.215,69.14,33.18,-0.5195979172693086,4.9579215,0.19,10.842,1.0686593,0.22348,0.291,,6.0317819205448355,0.1548892804016713,-0.1758943469944243,-0.13583372255213466,0.27648002,22.6,12.0,17.0,3.0,0,54.6,Roe sólido (22.3%); peg atractivo (0.19); crece 29.1% yoy
DASH,"DoorDash, Inc.",Consumer Cyclical,186.565,285.5,143.3,-0.3465323992994746,22.908306,1.07,52.413,8.147299,0.088870004,0.356,,2.301531988857939,0.06367655539935962,-0.1949383014625431,0.011028037043143923,0.05292,12.7,12.0,9.8,20.0,0,54.5,Cae 35% desde máx. 52s; peg atractivo (1.07); crece 35.6% yoy
TPL,Texas Pacific Land Corporation,Energy,330.41,547.2,269.23334,-0.39618055555555554,4.5187364,7.33,31.14,13.626841,0.36566,0.312,0.027837134494684168,0.024293910228694156,-0.0014408175628463538,-0.11593617944146972,-0.24380667935873623,0.60322,7.0,14.4,18.0,15.0,0,54.4,Cae 40% desde máx. 52s; roe sólido (36.6%); crece 31.2% yoy
NDAQ,"Nasdaq, Inc.",Financial Services,92.01,101.79,76.55,-0.09608016504568229,19.662693,1.73,18.055,4.313441,0.16521999,0.149,0.10989871033323162,2.778705747043593,0.03288840180241022,-0.06377598569355047,0.1712897086104923,0.35037,5.1,21.4,17.9,10.0,0,54.4,Roe sólido (16.5%); crece 14.9% yoy
CMCSA,Comcast Corporation,Communication Services,21.545,32.86,21.28,-0.34433962264150936,6.0130672,142.98,4.703,0.8512109,0.114879996,-0.012,0.64538600212299,2.6525695088123866,0.16607889139232987,-0.1906461533787691,-0.11044588409982314,0.08966,18.0,13.0,8.4,15.0,0,54.4,Cae 34% desde máx. 52s
LHX,"L3Harris Technologies, Inc.",Industrials,235.205,379.23,234.59,-0.3797827176120033,17.371983,1.18,13.442,2.2022321,0.0934,0.084,0.15822311734425587,2.6554803776191482,0.036736324256384074,-0.11236832994774315,-0.18671691720532413,0.08172,12.4,18.4,8.4,15.0,0,54.2,Cae 38% desde máx. 52s; peg atractivo (1.18); crece 8.4% yoy
CLX,Clorox Company (The),Consumer Defensive,81.355,128.9,80.84,-0.3688518231186967,12.994782,1.05,13.564,109.34812,1.6376,-0.02,0.08845901707190107,4.910526428070176,0.011218861713130517,-0.16712732286280685,-0.13762148039544653,0.087349996,14.5,7.7,17.0,15.0,0,54.2,Cae 37% desde máx. 52s; roe sólido (163.8%); peg atractivo (1.05)
APP,Applovin Corporation,Communication Services,306.425,738.01,297.5,-0.5847955989756236,14.605027,0.67,19.135,32.48092,2.03686,0.528,,0.6491473893502905,0.030891277619280674,-0.018057456289529483,-0.40526561068090994,0.64575994,14.1,12.0,25.0,3.0,0,54.1,Roe sólido (203.7%); peg atractivo (0.67); crece 52.8% yoy
TGT,Target Corporation,Consumer Defensive,157.215,170.75,83.44,-0.07926793557833087,16.466183,1.96,9.98,4.002724,0.26408002,0.053,0.10780448872111426,2.233911236495725,0.048066244019352784,-0.022781007171099543,0.21293695254011502,0.04078,12.4,11.6,20.1,10.0,0,54.1,Roe sólido (26.4%)
RDDT,"Reddit, Inc.",Communication Services,144.449,263.5,119.27,-0.45180645161290317,14.91088,0.75,30.895,8.455222,0.30712,0.611,,0.026034382562409857,0.024398434907551263,-0.022738600143121457,-0.16782461341632393,0.31348,14.0,12.0,25.0,3.0,0,54.0,Roe sólido (30.7%); peg atractivo (0.75); crece 61.1% yoy
MET,"MetLife, Inc.",Financial Services,95.235,100.93,67.33,-0.0564252452194591,8.711382,0.52,13.974,2.2133262,0.13094,0.105,0.1849631864727137,8.32963577218543,-0.34623466968936817,0.0006830140029094878,0.13254957167294612,0.04567,14.9,20.5,3.6,15.0,0,54.0,Peg atractivo (0.52); crece 10.5% yoy
FMX,Fomento Economico Mexicano S.A.,Consumer Defensive,119.3,141.47,90.87,-0.15671167031879552,22.718012,4.73,2.513,3.1963367,0.14746,0.093,-0.10561399770126079,2.4526344721029854,2.208798005297157,-0.00921850823513315,-0.05426518997053187,0.03585,14.4,6.3,18.3,15.0,0,54.0,Cae 16% desde máx. 52s; crece 9.3% yoy
IBM,International Business Machines,Technology,221.175,332.46,199.19,-0.33473199783432583,16.822296,2.13,16.095,6.048321,0.34460998,0.011,0.8376390990316043,3.9623627005154622,0.05782679670084761,-0.05428226078795817,-0.2078460427292077,0.15522,8.9,13.0,17.0,15.0,0,53.9,Cae 33% desde máx. 52s; roe sólido (34.5%)
EBAY,eBay Inc.,Consumer Cyclical,106.01,119.31,78.03,-0.11147431061939483,15.792783,1.54,16.663,10.112563,0.46611,0.148,,2.3055555142118864,0.03348475540930087,0.02365782768824909,-0.04848038029714241,0.18571,7.0,11.8,19.8,15.0,0,53.6,Roe sólido (46.6%); crece 14.8% yoy
AES,The AES Corporation,Utilities,14.875,17.65,12.97,-0.15722379603399428,6.2750473,0.81,12.182,2.1464646,0.095740005,0.199,,8.094102829472932,-0.2910863784573653,0.009158767366221898,0.026835662770402724,0.1434,16.4,12.0,0.0,25.0,0,53.4,Cae 16% desde máx. 52s; peg atractivo (0.81); crece 19.9% yoy
WAB,Westinghouse Air Brake Technolo,Industrials,291.38,306.64,186.06,-0.04976519697364985,23.393663,1.37,21.007,4.393811,0.11553001,0.175,0.2544351122642632,2.616371117522538,0.022377826550073657,0.01906065242064714,0.08190189304559792,0.10593,4.9,25.0,8.5,15.0,0,53.4,Peg atractivo (1.37); crece 17.5% yoy
TYL,"Tyler Technologies, Inc.",Technology,313.38,526.48,270.71,-0.404763713721319,20.413574,1.36,29.997,4.2232223,0.09731,0.082,0.2299114476269737,3.173304807125671,0.04631861526143127,-0.1580785453358864,0.07153119756193282,0.13361,8.1,18.2,7.0,20.0,0,53.3,Cae 40% desde máx. 52s; peg atractivo (1.36); crece 8.2% yoy
J,Jacobs Solutions Inc.,Industrials,136.48,168.44,105.68,-0.18974115412016154,16.510262,0.42,18.037,4.897381,0.07998,0.345,-0.21816362629542818,3.8378693482557305,0.04041903143396403,-0.08426700638330265,0.08589644697953558,0.0238,14.3,12.0,7.0,20.0,0,53.3,Cae 19% desde máx. 52s; peg atractivo (0.42); crece 34.5% yoy
FSLR,"First Solar, Inc.",Technology,173.87,320.95,170.8,-0.4582645271849197,7.4785624,0.33,7.149,1.8105612,0.18509,-0.037,,0.08131522586777014,0.08555626276316562,-0.13883110265802223,-0.26313786162911945,0.32465,25.0,0.0,25.0,3.0,0,53.0,Roe sólido (18.5%); peg atractivo (0.33)
BF-B,Brown Forman Inc,Consumer Defensive,26.175,31.92,22.61,-0.17998120300751883,15.272631,1.99,11.875,3.0249624,0.18122,-0.014,-0.020882960100536807,2.058178698145025,0.05708417869007864,-0.006484345504044975,-0.009466743908105979,0.18416001,12.3,0.0,20.8,20.0,0,53.0,Cae 18% desde máx. 52s; roe sólido (18.1%)
WALMEX.MX,WAL-MART DE MEXICO SAB DE CV,Consumer Defensive,46.61,63.97,44.8,-0.2713772080662811,14.580434,2.01,8.821,3.363643,0.21922001,0.019,0.008016374110177749,0.851920249238347,0.027992581878461088,-0.013962340618164926,-0.09071396534221654,0.049039997,12.3,0.7,25.0,15.0,0,53.0,Cae 27% desde máx. 52s; roe sólido (21.9%)
T,AT&T Inc.,Communication Services,24.6199,29.44,19.89,-0.16372622282608695,9.568483,1.54,7.495,1.5333769,0.18339,0.023,,3.688466304684273,0.060116755328938044,-0.049439892216013526,0.20480794146058146,0.16943,16.0,0.0,17.0,20.0,0,53.0,Cae 16% desde máx. 52s; roe sólido (18.3%)
CDW,CDW Corporation,Technology,130.15,162.47,97.12,-0.19892903305225576,10.832085,1.33,11.12,6.677783,0.44009998,0.1,-0.002054237502367884,3.197324584173448,0.04159466625004366,-0.14137754107204314,-0.07016686285492402,0.04597,13.9,7.0,17.0,15.0,0,52.9,Cae 20% desde máx. 52s; roe sólido (44.0%); peg atractivo (1.33)
CVNA,Carvana Co.,Consumer Cyclical,63.2599,97.378,54.464,-0.35036763950789707,27.965368,,18.808,11.292377,0.58773,0.524,,2.2697209742931137,0.006052012136334908,-0.13885243768297795,-0.038895481119566755,0.06257,0.9,12.0,19.9,20.0,0,52.9,Cae 35% desde máx. 52s; roe sólido (58.8%); crece 52.4% yoy
GEHC,GE HealthCare Technologies Inc.,Healthcare,65.92,89.77,58.75,-0.2656789573354127,12.179867,1.66,10.818,2.7129803,0.19376,0.058,-0.005793033672726988,2.933760052257346,0.05283347748931297,-0.07454731065194309,0.03042080660861024,0.093339995,12.9,2.8,17.3,20.0,0,52.9,Cae 27% desde máx. 52s; roe sólido (19.4%)
ZTS,Zoetis Inc.,Healthcare,70.29,148.79,69.52,-0.5275892197056253,10.749433,6.61,9.123,,0.64911,-0.002,0.10268140283428306,2.276192905890972,0.06944279822966082,-0.08832681833164435,-0.015029457544348257,0.27685,16.0,8.9,19.9,8.0,0,52.8,Roe sólido (64.9%)
NVR,"NVR, Inc.",Consumer Cyclical,6224.42,8200.0,5501.01,-0.24092439024390244,15.537077,4.97,10.868,4.915656,0.31544,-0.109,-0.038957481088154444,0.7095215104308017,0.05508794801749737,-0.014379533108786258,-0.08644435801664097,0.1185,12.8,0.0,25.0,15.0,0,52.8,Cae 24% desde máx. 52s; roe sólido (31.5%)
MO,"Altria Group, Inc.",Consumer Defensive,68.53,77.06,54.7,-0.11069296651959513,11.686502,2.64,8.734,-42.884853,,0.012,0.0890191356086536,1.5589596653777194,0.07894405874311991,0.016712942473493753,-0.032320916868401994,0.38999,17.3,7.7,12.8,15.0,0,52.7,Cumple criterios base del screener
BMY,Bristol-Myers Squibb Company,Healthcare,63.54,68.64,42.52,-0.07430069930069932,9.678835,17.5,8.689,5.816018,0.46598998,0.057,0.05459253851176027,2.3799789768957904,0.0625172936072666,-0.04894472028978225,0.11519018241266443,0.18871,15.7,7.4,19.5,10.0,0,52.6,Roe sólido (46.6%)
ON,ON Semiconductor Corporation,Technology,75.215,134.92,44.56,-0.4425214942187963,16.60815,0.17,14.506,4.0562477,0.08312,0.092,-0.5910432503393311,2.2532179146834905,0.056574554361740935,0.015184236139915486,-0.20441087783470457,0.10168,16.3,6.2,10.0,20.0,0,52.5,Cae 44% desde máx. 52s; peg atractivo (0.17); crece 9.2% yoy
DG,Dollar General Corporation,Consumer Defensive,123.25,158.23,95.11,-0.22107059343992916,14.869732,1.66,11.62,2.9273448,0.19692,0.052,-0.13760458357934102,4.403524954227082,0.06391888729003421,-0.027613412228796874,0.0761759085937328,0.03903,13.3,2.2,17.0,20.0,0,52.5,Cae 22% desde máx. 52s; roe sólido (19.7%)
BLK,"BlackRock, Inc.",Financial Services,1069.665,1219.94,917.39,-0.12318228765349122,16.63898,0.91,15.649,2.8777335,0.122779995,0.306,0.012979656452193788,1.346527542937113,0.043603788944560656,-0.06962174028497126,0.1181355033800433,0.24089001,14.6,13.1,14.5,10.0,0,52.3,Peg atractivo (0.91); crece 30.6% yoy
AVY,Avery Dennison Corporation,Consumer Cyclical,170.19,199.54,152.42,-0.14708830309712337,15.214228,1.92,10.984,5.5614014,0.3116,0.109,-0.015437973187936493,2.4625459076521676,0.07788572042934948,-0.01683373230636087,0.054382970863068314,0.076220006,15.1,7.9,19.1,10.0,0,52.2,Roe sólido (31.2%); crece 10.9% yoy
MCHP,Microchip Technology Incorporat,Technology,79.075,105.91,48.52,-0.2533755075063733,17.251911,0.23,31.515,6.6561446,0.0719,0.38,-0.6203364747647893,3.5845562357783676,0.03178418574110053,0.07658271250799031,-0.12773293601326885,0.0934,13.1,12.0,7.0,20.0,0,52.1,Cae 25% desde máx. 52s; peg atractivo (0.23); crece 38.0% yoy
ORCL,Oracle Corporation,Technology,137.7,322.54,114.5,-0.5730762076021579,12.521379,0.77,15.636,6.7361317,0.41192,0.296,0.23834995611269671,4.912235231476998,-0.10984544186375472,-0.07658260825431751,-0.05712013076162126,0.2636,14.0,25.0,10.0,3.0,0,52.0,Roe sólido (41.2%); peg atractivo (0.77); crece 29.6% yoy
NWSA,News Corporation,Communication Services,28.355,31.66,22.2,-0.10439039797852179,18.75678,2.56,12.906,1.8073171,0.07979,0.108,0.5822968332827563,2.178624860986547,0.06831614892671951,-0.07357836939120288,0.14580780713427166,0.06347,10.9,20.8,10.3,10.0,0,52.0,Crece 10.8% yoy
VZ,Verizon Communications Inc.,Communication Services,46.105,51.68,38.39,-0.10787538699690408,8.731247,0.84,7.577,1.8433152,0.15842,-0.007,-0.07076582817426369,3.7908854094208,0.09118290240594887,-0.07826871010993142,0.10748592980572047,0.11643,25.0,0.0,17.0,10.0,0,52.0,Roe sólido (15.8%); peg atractivo (0.84)
KHC,The Kraft Heinz Company,Consumer Defensive,23.395,28.09,21.035,-0.16714133143467427,11.20681,0.99,8.08,0.7706117,-0.0876,-0.014,,3.4591296690054802,0.1171674503627178,-0.07405447170029955,0.006309061305206143,-0.13639,24.9,0.0,7.0,20.0,0,51.9,Cae 17% desde máx. 52s; peg atractivo (0.99)
FICO,Fair Isaac Corporation,Technology,616.015,1998.01,595.19,-0.6916857272986621,11.716438,0.69,18.61,-3.2471576,,0.257,0.2323712626480905,4.431034917722143,0.05820702308883218,-0.4630320206206804,-0.48441135644779665,0.3405,16.8,25.0,7.0,3.0,0,51.8,Peg atractivo (0.69); crece 25.7% yoy
HPE,Hewlett Packard Enterprise Comp,Technology,61.28,65.65,19.84,-0.06656511805026663,13.3291,0.5,14.123,3.069525,0.10936,0.337,,2.949346850728069,0.05825196381008411,0.1760144124537797,0.3618930843091519,0.06666,17.6,12.0,7.2,15.0,0,51.8,Peg atractivo (0.50); crece 33.7% yoy
VRTX,Vertex Pharmaceuticals Incorpor,Healthcare,526.7701,560.25,385.86,-0.05975885765283363,26.216858,1.93,25.07,6.591135,0.23542999,0.125,0.06118290879552779,0.38772669589398184,0.019682246670587322,-0.03259740382020071,0.06047564857301313,0.34997,1.8,14.8,25.0,10.0,0,51.6,Roe sólido (23.5%); crece 12.5% yoy
ALB,Albemarle Corporation,Basic Materials,107.365,221.0,79.3,-0.5141855203619909,9.50364,0.79,10.478,1.5756531,0.02648,0.311,,1.3483843471850505,0.10531815124125603,-0.20184701283869422,-0.20220167256771926,0.03795,22.9,12.0,13.6,3.0,0,51.5,Peg atractivo (0.79); crece 31.1% yoy
TRMB,Trimble Inc.,Technology,56.58,84.42,47.92,-0.3297796730632552,13.676511,1.36,16.652,2.325524,-0.01939,0.11,-0.007462964697448338,1.658107057220118,0.052009290988728196,-0.056056003881139516,0.10550999401484584,-0.027679998,11.2,8.0,12.4,20.0,0,51.5,Cae 33% desde máx. 52s; peg atractivo (1.36); crece 11.0% yoy
CRH,CRH PLC,Basic Materials,83.71,131.55,82.17,-0.363664006081338,12.890082,1.53,9.571,2.319222,0.15812,0.056,0.03084777513597703,2.5624676440754937,0.03625588086487722,-0.1118888848162104,-0.21424661672651468,0.099350005,12.3,5.3,18.8,15.0,0,51.3,Cae 36% desde máx. 52s; roe sólido (15.8%)
IBKR,"Interactive Brokers Group, Inc.",Financial Services,86.38,98.75,58.95,-0.12526582278481016,27.024067,1.44,,6.5923834,0.24018998,0.263,0.33288874065838137,,,-0.11133521777587174,-0.006684308067212097,0.16474001,2.2,25.0,14.0,10.0,0,51.2,Roe sólido (24.0%); peg atractivo (1.44); crece 26.3% yoy
ADI,"Analog Devices, Inc.",Technology,399.2,445.91,223.47,-0.10475208001614683,24.41871,0.59,28.667,5.7655373,0.12227,0.396,-0.0458825332599776,1.3237695715521896,0.021440085502947855,0.10569466751317491,0.008173528422300347,0.29787,9.6,12.0,14.5,15.0,0,51.1,Peg atractivo (0.59); crece 39.6% yoy
NOC,Northrop Grumman Corporation,Industrials,504.38,774.0,479.02,-0.34834625322997415,16.55513,3.38,11.937,4.0065775,0.26958,0.051,-0.025984458859345416,2.3503790634839064,0.03458297758402048,-0.06544377714534833,-0.005175787034072066,0.104820006,9.4,2.1,19.6,20.0,0,51.1,Cae 35% desde máx. 52s; roe sólido (27.0%)
HOOD,"Robinhood Markets, Inc.",Financial Services,115.92,153.86,63.515,-0.2465878070973613,33.57878,2.08,,10.9928875,0.23618999,0.323,,,,0.10600134404297212,0.1559632985643531,0.42011002,0.0,12.0,14.0,25.0,0,51.0,Cae 25% desde máx. 52s; roe sólido (23.6%); crece 32.3% yoy
DPZ,Domino's Pizza Inc,Consumer Cyclical,299.47,442.35,282.0,-0.32300214762066237,14.354011,1.33,14.291,-2.4867141,,0.043,0.11928383128794984,5.005161574812445,0.053648647831535,-0.1190959744984843,0.017842206671993877,0.118640006,12.4,11.6,7.0,20.0,0,51.0,Cae 32% desde máx. 52s; peg atractivo (1.33)
GNRC,Generac Holdlings Inc.,Industrials,209.815,296.44,134.8,-0.2922176494400216,16.82264,0.59,20.822,4.302221,0.09491,0.106,-0.20825681988017664,2.216627195078967,0.02332511654429485,0.13181031888547134,-0.28344317410330055,0.05817,13.1,7.6,10.1,20.0,0,50.9,Cae 29% desde máx. 52s; peg atractivo (0.59); crece 10.6% yoy
MSCI,MSCI Inc.,Financial Services,536.415,644.77,501.08,-0.1680521736433147,23.838758,1.87,23.262,-14.500053,,0.122,0.13538386829039872,3.3349658565388216,0.03063555198164196,-0.05997658023014607,-0.03875895822332198,0.40735,2.9,20.9,7.0,20.0,0,50.9,Cae 17% desde máx. 52s; crece 12.2% yoy
MGM,MGM Resorts International,Consumer Cyclical,31.5,51.59,29.19,-0.38941655359565813,15.246485,0.41,16.213,3.152522,0.18924999,0.01,-0.39837013240078967,13.478845715551463,0.10906525551007516,-0.23839459537831353,-0.34114203942279264,0.02398,18.9,0.0,17.0,15.0,0,50.9,Cae 39% desde máx. 52s; roe sólido (18.9%); peg atractivo (0.41)
WSM,"Williams-Sonoma, Inc.",Consumer Cyclical,229.535,254.89,165.51,-0.09947428302404955,21.83112,2.63,16.696,14.454345,0.54960996,0.067,0.027040024624839676,0.9206157820447701,0.039553990341362075,0.005629807939143028,-0.012006025376331553,0.14729,4.8,6.0,25.0,15.0,0,50.8,Roe sólido (55.0%)
TXT,Textron Inc.,Industrials,76.915,101.57,75.51,-0.24273899773555171,10.5840025,0.89,9.572,1.6419743,0.12126,0.03,0.08411052816078923,2.5065476571428573,0.03422567660239135,-0.045004529439843344,-0.16129483380433218,0.06125,19.1,7.3,9.4,15.0,0,50.8,Cae 24% desde máx. 52s; peg atractivo (0.89)
WST,"West Pharmaceutical Services, I",Healthcare,374.91,386.0,223.83,-0.028730569948186464,37.55458,2.88,28.85,8.826812,0.19087,0.138,-0.04229866358140244,0.3469633852225389,0.010534090015566136,0.09908832858032901,0.04499970355646332,0.1698,0.0,10.8,25.0,15.0,0,50.8,Roe sólido (19.1%); crece 13.8% yoy
DOW,Dow Inc.,Basic Materials,27.495,42.74,20.65,-0.3566916237716425,15.681947,38.89,9.299,1.2522774,-0.0554,0.197,,4.90436510676776,0.01196454766140944,-0.09911532022145741,0.016596232783367304,-0.03129,11.6,12.0,7.0,20.0,0,50.6,Cae 36% desde máx. 52s; crece 19.7% yoy
MAS,Masco Corporation,Industrials,67.945,83.64,58.16,-0.1876494500239121,14.594315,1.58,11.056,-36.707188,58.625,-0.029,0.020689294926649726,2.3163129549071617,0.06696012369719516,-0.0584119145423273,-0.1613253032698162,0.11614,14.1,1.8,19.7,15.0,0,50.6,Cae 19% desde máx. 52s; roe sólido (5862.5%)
DOV,Dover Corporation,Industrials,189.285,237.54,158.97,-0.20314473351856527,16.263233,1.49,14.297,3.3090627,0.14914,0.069,0.022834886521603703,1.7077021363562486,0.03555776152483409,-0.025459466478938708,-0.15379655643472312,0.13475999,7.7,5.9,21.9,15.0,0,50.5,Cae 20% desde máx. 52s; peg atractivo (1.49)
LUV,Southwest Airlines Company,Industrials,41.96,55.11,29.26,-0.23861368172745415,8.872799,0.2,10.172,2.8985908,0.11099,0.164,-0.031641996800259364,2.946535634369787,-0.0406656049041034,0.09412233968480055,-0.18015297911103134,0.02783,18.1,12.0,0.2,20.0,0,50.4,Cae 24% desde máx. 52s; peg atractivo (0.20); crece 16.4% yoy
TDG,Transdigm Group Incorporated,Industrials,1094.935,1463.03,1071.25,-0.25159771159853184,22.642073,3.05,18.078,-6.5184793,,0.225,0.3377548076206609,6.572129594383456,0.02407920929004643,-0.06554775998151452,-0.1780013914864198,0.21277,3.4,25.0,7.0,15.0,0,50.4,Cae 25% desde máx. 52s; crece 22.5% yoy
BKR,Baker Hughes Company,Energy,56.25,70.41,43.92,-0.2011077971878994,18.311977,1.61,11.595,2.8038082,0.16463,-0.024,,3.3587516976730507,0.07906813661139012,-0.11487017033358826,0.017242051330518482,0.111669995,13.3,0.0,17.0,20.0,0,50.3,Cae 20% desde máx. 52s; roe sólido (16.5%)
STZ,"Constellation Brands, Inc.",Consumer Defensive,112.145,168.6,111.54,-0.33484578884934757,9.142819,1.44,8.685,2.3292208,0.2369,-0.033,,3.0481508596904754,0.11540090908157806,-0.14144081430676825,-0.18737046168795057,0.20143999,18.3,0.0,17.0,15.0,0,50.3,Cae 33% desde máx. 52s; roe sólido (23.7%); peg atractivo (1.44)
EXPD,Expeditors International of Was,Industrials,188.06,194.59,112.95,-0.033557736779896194,23.629396,2.97,19.033,11.540963,0.4267,0.321,-0.10357841347469254,0.44890297207489777,0.03262542201296004,-0.008383845974487492,0.1538839274053121,0.07634,3.2,12.0,25.0,10.0,0,50.2,Roe sólido (42.7%); crece 32.1% yoy
PFG,Principal Financial Group Inc,Financial Services,113.4,121.18,77.9,-0.0642020135335864,10.888748,1.06,10.911,2.0044544,0.12949,0.064,-0.3443850984081621,2.1152220108356476,0.04350898725269097,0.03723926336271455,0.06014365851990222,0.09932999,18.0,3.4,13.7,15.0,0,50.1,Peg atractivo (1.06)
PRU,"Prudential Financial, Inc.",Financial Services,114.96,127.72,91.89,-0.09990604447228316,7.7363396,0.69,11.642,1.2567917,0.12011,0.141,,10.888397476428183,0.18980137427694774,-0.022448974693051515,0.07743120381261548,0.06007,21.9,11.1,7.0,10.0,0,50.0,Peg atractivo (0.69); crece 14.1% yoy
APO,"Apollo Global Management, Inc. ",Financial Services,119.225,153.29,99.56,-0.222225846434862,11.105418,0.46,,3.5021884,0.11412,0.638,,,,-0.12706840770438121,0.011990556603713731,0.052670002,14.0,12.0,4.0,20.0,0,50.0,Cae 22% desde máx. 52s; peg atractivo (0.46); crece 63.8% yoy
COF,Capital One Financial Corporati,Financial Services,196.625,259.64,174.24,-0.24270143275304262,8.161095,0.18,,1.17137,0.09031,11.11,-0.3917672229952939,,,-0.08337604291097955,-0.016452231740846868,0.21867001,14.0,12.0,4.0,20.0,0,50.0,Cae 24% desde máx. 52s; peg atractivo (0.18); crece 1111.0% yoy
MCK,McKesson Corporation,Healthcare,854.87,999.0,723.68,-0.14427427427427428,16.93845,1.64,15.473,-23.387777,,0.077,0.1531382381030486,1.668222265200647,0.06823795735392155,-0.0333680200849128,0.1325815668421877,0.01117,9.9,17.7,12.3,10.0,0,49.9,Cumple criterios base del screener
CHTR,"Charter Communications, Inc.",Communication Services,110.67,285.82,110.35,-0.6127982646420823,2.6438127,0.64,5.246,0.7786972,0.27201998,-0.017,0.05610772798941088,4.433188397701621,0.15285166162109515,-0.274009469978303,-0.22178473423731537,0.09052,25.0,4.9,17.0,3.0,0,49.9,Roe sólido (27.2%); peg atractivo (0.64)
SLB,SLB Limited,Energy,49.935,60.46,31.64,-0.1740820377108832,15.448322,1.36,11.687,2.8423839,0.12909001,0.05,-0.0056102162243315545,1.7350670828871335,0.03987447281975028,-0.16482363352886253,0.07967508200769591,0.08527,12.6,2.0,15.1,20.0,0,49.7,Cae 17% desde máx. 52s; peg atractivo (1.36)
STT,State Street Corporation,Financial Services,178.035,195.93,104.64,-0.09133363956515086,11.618285,0.68,,2.0461912,0.12437,0.184,0.09345182660480011,,,-0.06973038394932973,0.05495966674430486,0.23005,14.0,20.1,5.5,10.0,0,49.6,Peg atractivo (0.68); crece 18.4% yoy
PKG,Packaging Corporation of Americ,Consumer Cyclical,232.52,259.98,191.5,-0.10562350950073085,17.722925,1.52,12.289,4.4170055,0.14887,0.147,-0.08031890655223495,2.2020398212415753,0.02089815979752049,-6.728855736093386e-05,-0.01827991481292357,0.07256,8.1,11.7,19.8,10.0,0,49.6,Crece 14.7% yoy
AIG,"American International Group, I",Financial Services,75.23,87.29,71.25,-0.13816015580249744,8.561989,0.63,4.506,0.9721397,0.0722,0.005,-0.25133329791424586,1.120427228997629,0.1872271008354799,-0.008272120666271365,0.016078708138926423,0.11089,25.0,0.0,14.5,10.0,0,49.5,Peg atractivo (0.63)
NWS,News Corporation,Communication Services,31.31,35.76,25.49,-0.1244407158836689,20.711508,2.85,14.176,1.9956657,0.07979,0.108,0.5822968332827563,2.178624860986547,0.061868549789328174,-0.08735267813807113,0.11918012707778036,0.06347,8.2,20.8,10.3,10.0,0,49.3,Crece 10.8% yoy
DLTR,"Dollar Tree, Inc.",Consumer Defensive,113.64,142.4,84.71,-0.2019662921348315,14.36214,1.42,11.335,6.226508,0.46032003,0.07,-0.0480407167954946,3.063663102454494,0.04922485598076625,-0.1022987386276274,-0.060438178942012644,0.08035,13.2,4.0,17.0,15.0,0,49.2,Cae 20% desde máx. 52s; roe sólido (46.0%); peg atractivo (1.42)
CAH,"Cardinal Health, Inc.",Healthcare,220.95,258.3,150.78,-0.1445993031358886,15.716973,1.1,13.321,-17.857431,,0.058,0.9336569678851458,2.355796448633365,0.09288932866414923,-0.05826442099326379,-0.06789454593089184,0.00674,18.7,15.8,9.6,5.0,0,49.1,Peg atractivo (1.10)
SW,Smurfit WestRock plc,Consumer Cyclical,44.2,52.65,32.729,-0.16049382716049376,12.882504,0.26,8.112,1.2836896,0.02715,0.011,-0.30014333811973204,3.0952796643356644,0.05240703181107871,-0.05756931076963023,-0.03581816361699597,0.01587,22.1,0.0,7.0,20.0,0,49.1,Cae 16% desde máx. 52s; peg atractivo (0.26)
ODFL,"Old Dominion Freight Line, Inc.",Industrials,176.945,252.03,126.01,-0.29792088243463083,26.530596,2.11,20.302,8.073046,0.24818,0.104,-0.07371914112071876,0.011151305155402563,0.026380534293345848,-0.11372361456978408,-0.1818105938121446,0.19443001,1.6,7.4,25.0,15.0,0,49.0,Cae 30% desde máx. 52s; roe sólido (24.8%); crece 10.4% yoy
CHD,"Church & Dwight Company, Inc.",Consumer Defensive,95.17,106.04,81.33,-0.10250848736325918,23.58466,2.71,18.346,5.190619,0.17041,0.016,0.21590381307279838,1.7923679007971656,0.04160687676906049,-0.046201650298156594,-0.014655376837313216,0.119569995,4.2,13.0,21.8,10.0,0,49.0,Roe sólido (17.0%)
DVN,Devon Energy Corporation,Energy,46.475,52.71,31.47,-0.11828874976285333,8.626274,2.92,6.986,1.2801267,0.11522,0.642,-0.22960449726899979,1.3326983248351894,0.01530881765110212,-0.03574538751257739,0.13204238210236108,0.17464,13.0,12.0,13.7,10.0,0,48.7,Crece 64.2% yoy
TRGP,"Targa Resources, Inc.",Energy,273.035,307.94,144.14,-0.11335000324738577,22.603003,1.25,14.383,16.010967,0.70839995,0.042,0.305340079013638,3.561125548825889,0.0011245205173982058,-0.07020259037240795,0.023020915256586116,0.13545,7.5,14.2,17.0,10.0,0,48.7,Roe sólido (70.8%); peg atractivo (1.25)
ROP,"Roper Technologies, Inc.",Technology,348.865,521.28,305.96,-0.33075314610190293,14.310049,1.41,14.196,1.8450363,0.13066,0.085,-0.3063672450913383,3.4957998766329883,0.06566629137172636,-0.17844532262650092,0.033540871334124533,0.30244,12.5,5.5,10.6,20.0,0,48.6,Cae 33% desde máx. 52s; peg atractivo (1.41); crece 8.5% yoy
AFL,AFLAC Incorporated,Financial Services,113.21,130.22,105.43,-0.1306250959913992,14.990135,1.18,10.58,1.8758284,0.16908,-0.01,-0.005319249538303539,2.667106376042013,0.09077722500899925,-0.0227880830765671,-0.029593528452772855,0.26908,20.3,0.0,18.3,10.0,0,48.6,Roe sólido (16.9%); peg atractivo (1.18)
KMB,Kimberly-Clark Corporation,Consumer Defensive,98.75,125.32,92.42,-0.212017235876157,13.20053,2.01,11.076,18.766628,1.04913,0.006,0.019400141891432687,1.878483173864672,0.028655983694662227,-0.07424766386891202,-0.0895967214858201,0.1179,10.4,1.7,21.5,15.0,0,48.5,Cae 21% desde máx. 52s; roe sólido (104.9%)
AMZN,"Amazon.com, Inc.",Consumer Cyclical,247.54,287.2,196.0,-0.13809192200557102,23.631502,1.48,16.48,4.838924,0.30558002,0.196,,1.4897403092466515,0.0012056449873232877,-0.04713783591276599,0.038537373918443585,0.1744,3.3,12.0,23.0,10.0,0,48.3,Roe sólido (30.6%); peg atractivo (1.48); crece 19.6% yoy
CVS,CVS Health Corporation,Healthcare,86.74,110.68,69.51,-0.21629924105529463,10.170377,0.21,10.486,1.3908441,0.06205,0.071,-0.24733960036469027,4.574700249774971,0.0727974923319458,-0.0763497552841943,-0.15633636438314746,0.011849999,22.1,4.1,7.0,15.0,0,48.2,Cae 22% desde máx. 52s; peg atractivo (0.21)
EQT,EQT Corporation,Energy,48.665,68.24,47.94,-0.2868552168815943,12.953327,1.49,5.767,1.205146,0.11078,-0.039,-0.08914070517873662,0.8084948227363964,0.08084245099552317,-0.10179031669591176,-0.08185732975381688,0.29176,18.1,0.0,15.0,15.0,0,48.1,Cae 29% desde máx. 52s; peg atractivo (1.49)
LIN,Linde plc,Basic Materials,473.7,548.2,387.78,-0.1358993068223277,24.219576,1.82,17.527,5.5875344,0.18400998,0.093,0.21083080176239766,2.0266966028492863,0.019053992501663036,-0.02924952809270398,-0.08417157310749246,0.20435,2.7,19.3,20.9,5.0,0,47.9,Roe sólido (18.4%); crece 9.3% yoy
D,"Dominion Energy, Inc.",Utilities,60.64,72.99,55.85,-0.16920126044663647,15.898359,2.36,13.467,1.9105229,0.08281,0.176,0.4626444012339277,6.465891139017971,-0.17214246837845662,-0.07207073000736675,-0.10305149815745507,0.13984999,7.9,25.0,0.0,15.0,0,47.9,Cae 17% desde máx. 52s; crece 17.6% yoy
UNH,UnitedHealth Group Incorporated,Healthcare,372.61,461.62,255.97,-0.1928209349681556,16.479738,1.02,14.561,3.4253223,0.14152999,0.004,-0.14517352798270888,2.7483228214794297,0.07257302662009198,-0.037224446179874415,-0.09796110598281693,0.03135,17.7,0.0,15.2,15.0,0,47.8,Cae 19% desde máx. 52s; peg atractivo (1.02)
DIS,Walt Disney Company (The),Communication Services,104.99,117.09,92.19,-0.1033393116406184,14.034032,3.46,10.971,1.6507342,0.0801,0.068,0.5850904212609995,2.1962983008722294,0.026810707590384564,-0.023802929942794093,0.09080517261059251,0.086990006,10.5,16.8,10.2,10.0,0,47.5,Cumple criterios base del screener
SPG,"Simon Property Group, Inc.",Real Estate,203.69,238.5,172.19,-0.1459538784067086,29.969088,4.58,18.741,14.998159,1.20508,0.195,0.2953110930406577,5.743708433885872,0.03356293692365699,-0.03034929869900449,-0.07947127324047432,0.66571,0.4,25.0,17.0,5.0,0,47.4,Roe sólido (120.5%); crece 19.5% yoy
VICI,VICI Properties Inc.,Real Estate,23.125,33.005,22.9679,-0.29934858354794736,7.7341137,,11.955,0.87287205,0.09849,0.057,0.2713904027900833,4.903153192603202,0.010487181469113083,-0.08121089713145913,-0.11235624940468836,0.67496,9.6,15.7,7.0,15.0,0,47.3,Cae 30% desde máx. 52s
PG,Procter & Gamble Company (The),Consumer Defensive,148.36,167.25,137.62,-0.11294469357249619,20.048784,3.74,15.048,6.465333,0.30290002,0.015,0.03912707147347039,1.4150370455317576,0.03854090483898836,0.022326389210168385,0.019282020423545987,0.18437,5.5,3.4,23.3,15.0,0,47.2,Roe sólido (30.3%)
DHI,"D.R. Horton, Inc.",Consumer Cyclical,139.95,176.22,131.75,-0.20582226762002048,12.03373,1.19,10.828,1.6494201,0.12632,0.0,-0.11176320062438394,1.7415079748646873,0.06166687271782861,-0.03188987747791716,-0.13821793107388125,0.09154,18.1,0.0,14.1,15.0,0,47.2,Cae 21% desde máx. 52s; peg atractivo (1.19)
HII,"Huntington Ingalls Industries, ",Industrials,258.89,460.0,256.7875,-0.4371956521739131,12.425869,0.81,11.156,1.9204351,0.12968001,0.109,0.02146574918873223,2.508547063247863,-0.02943206685644096,-0.1109546572945288,-0.07071581641656799,0.05013,17.3,9.8,5.2,15.0,0,47.2,Cae 44% desde máx. 52s; peg atractivo (0.81); crece 10.9% yoy
WYNN,"Wynn Resorts, Limited",Consumer Cyclical,78.6,134.72,77.06,-0.4165676959619953,15.255204,0.72,9.77,-47.26398,,0.069,,6.823096641794187,0.05883416571251447,-0.13891323920626208,-0.18845995754764466,0.060549997,21.2,3.9,7.0,15.0,0,47.1,Cae 42% desde máx. 52s; peg atractivo (0.72)
PLTR,Palantir Technologies Inc.,Technology,185.46,207.52,106.37,-0.10630300693909021,79.83677,1.83,165.79,45.589973,0.38097,0.928,,0.07939518780013033,0.004844612575194987,-0.004936141994007159,0.589611807872918,0.49005002,0.0,12.0,25.0,10.0,0,47.0,Roe sólido (38.1%); crece 92.8% yoy
CEG,Constellation Energy Corporatio,Utilities,265.085,412.7,228.63,-0.35768112430336807,19.901037,3.74,14.666,2.9454215,0.15055001,0.23,,3.1061368531187123,-0.07053890301783614,-0.03524765420473863,0.06893943481965792,0.110810004,5.0,12.0,10.0,20.0,0,47.0,Cae 36% desde máx. 52s; roe sólido (15.1%); crece 23.0% yoy
GFNORTEO.MX,GRUPO FINANCIERO BANORTE,Financial Services,195.09,210.0,164.0,-0.07099999999999998,8.234272,0.52,,2.1016967,,0.092,0.08864248799280605,,,0.012350109185337743,0.053401725446099224,0.41464,14.0,13.9,4.0,15.0,0,46.9,Peg atractivo (0.52); crece 9.2% yoy
MLM,"Martin Marietta Materials, Inc.",Basic Materials,474.005,710.97,471.88,-0.33329817010563034,22.204407,1.81,16.798,2.4653091,0.08894,0.21,0.1061039345866377,2.984477862652869,0.017626634569703974,-0.0846850146936492,-0.17674026970903556,0.36737,3.6,21.2,7.1,15.0,0,46.9,Cae 33% desde máx. 52s; crece 21.0% yoy
ECL,Ecolab Inc.,Basic Materials,277.85,309.27,243.15,-0.10159407637339529,29.525185,2.52,21.126,7.746028,0.21956,0.097,0.2408962378759707,3.3655245737594086,0.01893488366919886,-0.01628481379878144,-7.830602433611666e-05,0.12566,0.2,19.7,17.0,10.0,0,46.9,Roe sólido (22.0%); crece 9.7% yoy
ROL,"Rollins, Inc.",Consumer Cyclical,30.135,66.14,29.74,-0.5443755669791351,23.370792,2.41,18.178,10.143049,0.37008998,0.079,0.13271785112236145,1.2893110121994915,0.034604217090743884,-0.16454115653330637,-0.2745128174421614,0.1355,3.6,16.4,23.8,3.0,0,46.8,Roe sólido (37.0%)
URI,"United Rentals, Inc.",Industrials,1002.82,1179.18,701.59,-0.14956155972794655,17.495749,1.36,17.107,6.777276,0.28895,0.118,0.09200602525921697,3.279684622830835,0.027335858175720578,-0.033892093136590806,-0.11328509188908198,0.15673,7.8,16.8,17.0,5.0,0,46.6,Roe sólido (28.9%); peg atractivo (1.36); crece 11.8% yoy
A,"Agilent Technologies, Inc.",Healthcare,175.41,177.05,108.35,-0.00926292007907379,25.958517,1.43,24.897,6.717344,0.20971,0.081,0.030180455204013246,1.9942307692307693,0.021439203287607296,0.14228970077430714,0.32056012379802423,0.19533001,2.9,7.7,21.0,15.0,0,46.6,Roe sólido (21.0%); peg atractivo (1.43); crece 8.1% yoy
HST,"Host Hotels & Resorts, Inc.",Real Estate,22.385,25.71,15.61,-0.12932711007390119,21.20615,3.4,11.473,2.4002788,0.15558,0.036,0.07721734501594191,3.3303834683513025,0.10882424500221077,0.020747830249626897,-0.055883547311418647,0.16474001,12.1,7.3,17.0,10.0,0,46.4,Roe sólido (15.6%)
NDSN,Nordson Corporation,Industrials,328.95,339.12,223.29,-0.02998938428874739,25.337254,1.86,21.045,5.604778,0.17763,0.103,-0.011482071165261343,1.8981407621690505,0.03350051134870533,0.025543653447067882,0.09363223756713812,0.18631001,2.5,7.3,21.4,15.0,0,46.2,Roe sólido (17.8%); crece 10.3% yoy
VMC,Vulcan Materials Company (Holdi,Basic Materials,240.08,331.09,239.9,-0.2748799420097254,22.539421,1.65,15.668,3.6701062,0.13234,0.025,0.23456661319602468,2.111737768843478,0.027117324837871055,-0.1094294317479052,-0.1846850334129274,0.13748,3.5,13.0,14.7,15.0,0,46.1,Cae 27% desde máx. 52s
ABBV,AbbVie Inc.,Healthcare,263.75,269.39,190.75,-0.02093618916812052,16.217077,0.54,17.388,-78.52039,,0.102,-0.2912939206655901,2.30422909372987,0.0361962587461482,0.02858585987217177,0.05558474653073198,0.098000005,14.1,7.2,9.8,15.0,0,46.0,Peg atractivo (0.54); crece 10.2% yoy
FE,FirstEnergy Corp.,Utilities,43.33,52.34,42.67,-0.17214367596484534,14.691125,1.43,10.2,1.9383557,0.09491,0.088,0.3533748646850903,5.345444182180588,-0.08035207630976791,-0.05516787495911635,-0.07952120872697555,0.06939,12.1,18.8,0.0,15.0,0,45.9,Cae 17% desde máx. 52s; peg atractivo (1.43); crece 8.8% yoy
ICE,Intercontinental Exchange Inc.,Financial Services,152.62,176.05,121.79,-0.13308719113888104,17.34194,2.09,15.699,2.8973346,0.14094,0.048,0.3077318536913174,3.057342857214758,0.04240924575200256,-0.04712200398390698,0.24382658611267516,0.38246,7.1,14.8,14.0,10.0,0,45.9,Cumple criterios base del screener
DD,"DuPont de Nemours, Inc.",Basic Materials,129.94,157.98,92.48536,-0.1774908216229902,16.314365,1.72,12.153,1.2743839,0.01792,0.04,,2.008212214450043,0.10458763912639757,-0.03454932775843522,-0.0378083799020289,0.00787,13.8,1.0,11.0,20.0,0,45.8,Cae 18% desde máx. 52s
SNPS,"Synopsys, Inc.",Technology,412.68,539.48,362.55,-0.23504115073774748,23.324253,2.28,42.044,2.5382102,0.03661,0.424,0.08526334391298396,5.22373540016136,0.04331490564470276,-0.06121614205575554,-0.0748537541197396,0.11432999,4.4,19.4,7.0,15.0,0,45.8,Cae 24% desde máx. 52s; crece 42.4% yoy
LITE,Lumentum Holdings Inc.,Technology,966.5051,1085.68,147.81,-0.1097698216785794,27.84149,0.63,101.88,18.439827,-2.40027,1.093,,2.0871736395784235,0.0025918297263437372,0.056566877252054226,0.12638408701382908,-2.3009598,8.0,12.0,10.7,15.0,0,45.7,Peg atractivo (0.63); crece 109.3% yoy
SNA,Snap-On Incorporated,Industrials,366.16,423.02,320.8,-0.134414448489433,17.11528,1.89,13.274,3.1347704,0.17932,0.042,0.04491988613427633,0.9254680115754318,0.05857715394403521,-0.05216016676717805,-0.08441397052028621,0.19597,10.4,5.1,25.0,5.0,0,45.4,Roe sólido (17.9%)
COHR,Coherent Corp.,Technology,291.2,440.0,105.02,-0.3381818181818182,20.86661,0.92,40.192,5.2280073,0.07981,0.337,,2.495872242522669,-0.011397917268362772,0.048087019093835615,-0.2618196528498816,0.11309,11.3,12.0,2.0,20.0,0,45.3,Cae 34% desde máx. 52s; peg atractivo (0.92); crece 33.7% yoy
BAX,Baxter International Inc.,Healthcare,23.18,30.0,15.73,-0.22733333333333333,11.382833,36.68,10.422,1.9310231,-0.14371,0.053,,5.131104203821656,0.08347611075977948,-0.10846152672400844,0.08766153945014055,-0.09268,15.9,2.3,7.0,20.0,0,45.2,Cae 23% desde máx. 52s
ABT,Abbott Laboratories,Healthcare,100.475,135.45,81.97,-0.2582133628645256,16.565134,1.86,17.336,3.4016657,0.10576,0.13,-0.016467472577444187,2.801129845141155,0.04146505334545593,-0.08957051541827621,0.11518203617741563,0.116450004,7.4,10.0,7.8,20.0,0,45.2,Cae 26% desde máx. 52s; crece 13.0% yoy
SWK,"Stanley Black & Decker, Inc.",Industrials,88.83,104.68,61.9,-0.1514138326327857,13.933462,1.39,10.061,1.4973451,0.06886,0.004,-0.26813149320676033,2.909826826226177,0.10578235059863444,-0.07021817174752376,-0.047991175187106605,0.040689997,17.8,0.0,7.4,20.0,0,45.1,Cae 15% desde máx. 52s; peg atractivo (1.39)
LVS,Las Vegas Sands Corp.,Consumer Cyclical,38.35,70.45,38.06,-0.45564229950319374,10.923436,0.83,8.049,42.75362,1.22869,-0.007,-0.006993235789038321,3.2946754759949926,0.08908751219433365,-0.12462914238798994,-0.16443189896340482,0.12588,25.0,0.0,17.0,3.0,0,45.0,Roe sólido (122.9%); peg atractivo (0.83)
AMGN,Amgen Inc.,Healthcare,421.035,447.03,274.02,-0.05815045970069112,17.22097,2.5,15.599,19.474329,0.91473,0.095,0.05524568667280372,3.3185079867608214,0.0379818785576494,-0.020575512050425182,0.16948952980103593,0.22951001,6.8,11.3,17.0,10.0,0,45.0,Roe sólido (91.5%); crece 9.5% yoy
Q,"Qnity Electronics, Inc.",Technology,125.37,177.28,70.5,-0.29281362815884476,23.311033,1.32,19.65,3.6154692,0.06722,0.221,-0.002696949219746503,2.9665793342070774,0.029443189410873365,0.04973626748913973,-0.23180783173285668,0.11248,5.6,12.0,7.1,20.0,0,44.8,Cae 29% desde máx. 52s; peg atractivo (1.32); crece 22.1% yoy
KO,Coca-Cola Company (The),Consumer Defensive,87.105,92.49,65.84,-0.05822251054168009,24.700968,3.99,23.835,10.368409,0.42054,0.067,0.11551776147388226,2.60389458570982,0.013925075538718851,-0.011787802078278786,0.07819333867533729,0.28558,2.5,13.7,18.6,10.0,0,44.8,Roe sólido (42.1%)
UNP,Union Pacific Corporation,Industrials,273.7175,315.99,215.53,-0.13377796765720446,19.30323,2.72,14.894,8.368518,0.39696,0.115,0.02239111936305682,2.4192021145075864,0.029031319012322393,-0.08964151210548132,0.010984335064488482,0.28847,5.1,10.4,19.3,10.0,0,44.8,Roe sólido (39.7%); crece 11.5% yoy
GWW,"W.W. Grainger, Inc.",Industrials,1249.985,1419.91,906.52,-0.1196730778711328,24.5379,1.69,19.196,14.252104,0.46091,0.103,0.05601826190477133,0.8697139104477611,0.02119286606521075,-0.04543371508058569,-0.07936192693197208,0.09923001,2.5,12.2,25.0,5.0,0,44.7,Roe sólido (46.1%); crece 10.3% yoy
PCG,Pacific Gas & Electric Co.,Utilities,12.04,19.16,11.765,-0.37160751565762007,6.682874,0.52,8.79,0.82038707,0.09318,0.001,0.11995586155825677,6.189897578450173,-0.17013500761502393,-0.09269031299776842,-0.28418548274064914,0.11828,19.3,10.4,0.0,15.0,0,44.7,Cae 37% desde máx. 52s; peg atractivo (0.52)
GPC,Genuine Parts Company,Consumer Cyclical,126.99,151.57,90.78,-0.16216929471531305,15.274346,1.32,11.583,3.8679905,0.0070700003,0.06,-0.6161464058703222,3.241172454581079,0.052393439555501846,-0.056692472766787017,0.0847476305569923,0.00131,14.6,3.0,7.0,20.0,0,44.6,Cae 16% desde máx. 52s; peg atractivo (1.32)
TSN,"Tyson Foods, Inc.",Consumer Defensive,50.82,69.48,50.51,-0.268566493955095,12.311225,1.04,9.126,0.98890835,0.03263,-0.001,-0.4697317852013001,2.8881674343434343,0.06663011689207564,-0.0697418588714166,-0.10402736336041307,0.01031,22.1,0.0,7.4,15.0,0,44.6,Cae 27% desde máx. 52s; peg atractivo (1.04)
RCL,Royal Caribbean Cruises Ltd.,Consumer Cyclical,260.49,356.39,222.22,-0.26908723589326294,12.74519,0.98,12.669,6.8061037,0.44669998,0.065,,3.39561055000893,-0.021763751846529594,-0.02493873979029826,-0.17476161996906614,0.23541,16.0,3.5,10.0,15.0,0,44.5,Cae 27% desde máx. 52s; roe sólido (44.7%); peg atractivo (0.98)
HUM,Humana Inc.,Healthcare,388.34,428.88,163.11,-0.09452527513523601,23.404776,1.33,10.491,2.4271097,0.06893,0.262,-0.23616654426020822,4.100111377085651,0.04162378954430492,0.01333399056720741,-0.022355382044013883,0.00878,10.5,12.0,7.0,15.0,0,44.5,Peg atractivo (1.33); crece 26.2% yoy
MRK,"Merck & Company, Inc.",Healthcare,148.84,156.92,78.4,-0.051491205709915784,15.613068,2.72,14.328,8.76251,0.06961,0.051,0.08433903046142621,1.867306256121797,0.04131516789934677,0.013255115368866033,0.16512505198903282,0.047659997,8.4,9.4,11.5,15.0,0,44.4,Cumple criterios base del screener
BIMBOA.MX,GRUPO BIMBO SAB DE CV,Consumer Defensive,55.21,68.67,53.03,-0.1960099024319208,16.496159,2.51,6.979,2.0576944,0.115930006,-0.022,-0.37395138210152024,3.18914197965409,0.10989354931490498,-0.06818566946037707,-0.033099815064006055,0.02805,17.3,0.0,7.0,20.0,0,44.3,Cae 20% desde máx. 52s
WM,"Waste Management, Inc.",Industrials,205.96,248.13,194.11,-0.1699512352395921,22.587868,1.89,13.547,8.299819,0.29841,0.04,0.07521507767680924,3.0043735363313853,0.028525540274169384,-0.05504181492974003,-0.07183129545245437,0.11115,4.7,7.5,17.0,15.0,0,44.2,Cae 17% desde máx. 52s; roe sólido (29.8%)
UDR,"UDR, Inc.",Real Estate,33.695,42.0,32.94,-0.19773809523809524,60.169643,8.17,17.107,3.738489,0.13739,-0.001,0.6319306474930446,5.759973671363444,0.06299939631310482,-0.08433825614895829,-0.14615896124765815,0.29563,3.3,13.0,12.8,15.0,0,44.1,Cae 20% desde máx. 52s
NRG,"NRG Energy, Inc.",Utilities,97.86,189.96,96.73,-0.4848389134554643,8.745949,0.39,13.632,4.8944683,0.23772,0.11,-0.08120643852977938,7.213956430892472,0.03754642763275136,-0.11133310779554084,-0.3276230744794948,0.02563,15.9,8.0,17.0,3.0,0,43.9,Roe sólido (23.8%); peg atractivo (0.39); crece 11.0% yoy
PEG,Public Service Enterprise Group,Utilities,67.46,87.63,66.15,-0.23017231541709463,14.437914,3.17,12.939,1.9386728,0.11835,-0.089,0.26982306302034953,5.529464549879962,0.0032046120446776807,-0.07167114201626745,-0.16123271168111708,0.16041,8.8,13.0,7.0,15.0,0,43.8,Cae 23% desde máx. 52s
MTB,M&T Bank Corporation,Financial Services,217.1604,255.95,174.76,-0.15155147489744084,10.296081,1.31,,1.2336557,0.10742,0.062,0.1381684374742409,,,-0.06573568185464529,-0.08171169971962566,0.32092,9.7,15.2,4.0,15.0,0,43.8,Cae 15% desde máx. 52s; peg atractivo (1.31)
CNC,Centene Corporation,Healthcare,62.115,69.63,31.63,-0.10792761740629031,11.615144,0.75,4.349,1.3599939,-0.20358999,0.046,,3.4965261590196812,0.31415290175994043,-0.03458182757330219,-0.03232591811837915,-0.02829,25.0,1.6,7.0,10.0,0,43.6,Peg atractivo (0.75)
PPL,PPL Corporation,Utilities,32.345,40.11,31.56,-0.193592620294191,15.272636,1.17,11.761,1.6174927,0.086330004,0.042,0.15948637819501932,5.420590626518276,-0.0796339496696966,-0.04441748677924873,-0.10277766990383719,0.13471,14.3,14.2,0.0,15.0,0,43.5,Cae 19% desde máx. 52s; peg atractivo (1.17)
HD,"Home Depot, Inc. (The)",Consumer Cyclical,288.8,407.0,287.34,-0.2904176904176904,18.022066,2.47,14.213,17.345345,1.0429599,0.057,-0.051764549309343044,2.563615793596693,0.03735300713717575,-0.11256369593845461,-0.17509287986822264,0.0841,7.0,2.7,18.7,15.0,0,43.4,Cae 29% desde máx. 52s; roe sólido (104.3%)
LOW,"Lowe's Companies, Inc.",Consumer Cyclical,187.285,293.06,186.3,-0.3609329147614823,14.375443,2.24,11.324,-14.127254,,0.083,0.05228278564465261,3.3019877296981077,0.04392373754198539,-0.08507568903645923,-0.145346953105427,0.073460005,11.5,9.8,7.0,15.0,0,43.4,Cae 36% desde máx. 52s; crece 8.3% yoy
NEE,"NextEra Energy, Inc.",Utilities,75.845,98.75,74.78,-0.2319493670886076,17.26257,1.54,18.901,2.7692785,0.11677,0.124,0.16279821052795174,7.5513598822031645,-0.11229859801247541,-0.07888019681874436,-0.12936827424337638,0.32401,5.9,22.4,0.0,15.0,0,43.3,Cae 23% desde máx. 52s; crece 12.4% yoy
NCLH,Norwegian Cruise Line Holdings ,Consumer Cyclical,14.85,25.24,13.63,-0.411648177496038,8.892269,1.22,8.608,2.6503658,0.3673,0.049,,6.1594590332599735,-0.24641681285088624,-0.07992559212896044,-0.2965419255275703,0.07492,16.4,1.9,10.0,15.0,0,43.3,Cae 41% desde máx. 52s; roe sólido (36.7%); peg atractivo (1.22)
GIS,"General Mills, Inc.",Consumer Defensive,33.545,51.26,31.75,-0.3455911041747951,10.637994,11.74,9.125,2.4297407,-0.104949996,-0.028,,3.9869983487063267,0.07262526503362526,-0.1858010303941554,-0.01937766263461138,-0.04891,16.3,0.0,7.0,20.0,0,43.3,Cae 35% desde máx. 52s
RSG,"Republic Services, Inc.",Industrials,211.49,233.42,196.41,-0.09395081826750055,26.241606,2.73,15.102,5.378688,0.18152,0.046,0.1345907614001438,2.7192315461348335,0.029996840606552944,-0.042685102090983196,-0.00456435552403156,0.12942,1.8,13.3,18.1,10.0,0,43.1,Roe sólido (18.2%)
BG,Bunge Limited,Consumer Defensive,108.68,134.87,79.11,-0.19418699488396232,9.650134,1.37,12.374,1.3087354,0.071779996,0.883,-0.2623157436957756,5.45777335041747,-0.31013067491143514,-0.06479647912072817,0.024690862480389875,0.01097,11.1,12.0,0.0,20.0,0,43.1,Cae 19% desde máx. 52s; peg atractivo (1.37); crece 88.3% yoy
AMT,American Tower Corporation (REI,Real Estate,166.73,196.08,160.06,-0.14968380252957986,23.784458,1.6,18.175,20.885632,0.33914003,0.047,0.12230302192084208,6.38519953419659,0.03758566842978351,-0.051052938967013795,0.01931887425459844,0.31083,3.7,12.3,17.0,10.0,0,43.0,Roe sólido (33.9%)
OTIS,Otis Worldwide Corporation,Industrials,65.275,94.565,65.13,-0.30973404536562144,14.396176,2.14,12.718,-4.323134,,0.073,0.05744740983915486,3.350757624242424,0.05780098663090277,-0.08231401593731558,-0.08281200268475863,0.10167,11.7,9.3,7.0,15.0,0,43.0,Cae 31% desde máx. 52s
SHW,Sherwin-Williams Company (The),Basic Materials,328.455,377.77,289.86,-0.13054239351986657,24.150036,2.12,20.185,20.563137,0.65124,0.075,0.09945304600039684,3.1920537635332185,0.03142953203084137,-0.030562884982569982,-0.043871539159928474,0.11013,2.9,13.1,17.0,10.0,0,43.0,Roe sólido (65.1%)
KKR,KKR & Co. Inc.,Financial Services,92.6,144.84,82.67,-0.36067384700359023,12.498026,0.41,,2.9165354,0.0728,0.078,,,,-0.15603356321647255,0.010851696068892025,0.12201,14.0,4.8,4.0,20.0,0,42.8,Cae 36% desde máx. 52s; peg atractivo (0.41)
EQIX,"Equinix, Inc.",Real Estate,1011.73,1128.68,720.62,-0.1036166140978843,54.335655,2.84,26.907,6.9412103,0.10735,0.167,0.2150878828113374,5.144493158372192,0.037924810461367274,-0.03342822456217276,-0.024775693839446555,0.15479,0.8,25.0,7.0,10.0,0,42.8,Crece 16.7% yoy
BEN,"Franklin Templeton, Inc.",Financial Services,32.565,36.28,21.11,-0.10239801543550174,10.21064,0.41,11.21,1.4079726,0.07887,0.143,-0.28882967962082806,1.9854927644178932,-0.18076566472361416,-0.04641296715517873,-0.02119031624149481,0.08717,17.2,11.3,4.1,10.0,0,42.6,Peg atractivo (0.41); crece 14.3% yoy
IR,Ingersoll Rand Inc.,Industrials,75.78,100.96,68.07,-0.2494057052297939,19.345995,0.62,16.591,2.888948,0.0947,0.085,-0.00455587184000239,2.435449296702051,0.0376641929614085,-0.01648285817208628,-0.07552277505601468,0.12076,12.7,5.5,9.3,15.0,0,42.5,Cae 25% desde máx. 52s; peg atractivo (0.62); crece 8.5% yoy
KVUE,Kenvue Inc.,Consumer Defensive,17.8799,20.13,14.02,-0.11177844013909587,14.421484,1.41,12.021,3.253257,0.15581,0.03,-0.11398056842686899,2.4742890980621954,0.05554223082982277,-0.041671599275473925,-0.04265225551585594,0.107609995,13.4,0.0,19.1,10.0,0,42.5,Roe sólido (15.6%); peg atractivo (1.41)
DGX,Quest Diagnostics Incorporated,Healthcare,232.96,248.84,171.18,-0.06381610673525155,19.32042,1.54,14.293,3.4094868,0.14602,0.102,0.03161245578286187,2.826125377645211,0.035376655121437964,-0.03054513626581057,0.10359605404266037,0.09187,6.1,9.9,16.4,10.0,0,42.4,Crece 10.2% yoy
HON,Honeywell International Inc.,Industrials,209.73,260.28317,195.86786,-0.19422373717055927,21.20479,3.47,10.94,3.585925,0.46577,0.043,0.004109635217657948,4.106555669172932,0.03927039608101144,-0.017796108619311468,-0.06047651431380996,0.21581,8.5,1.7,17.0,15.0,0,42.2,Cae 19% desde máx. 52s; roe sólido (46.6%)
BA,Boeing Company (The),Industrials,187.49,254.35,176.77,-0.26286612934932174,45.431965,1.47,-60.284,24.29886,1.73537,0.08,,,0.03796146050371576,-0.09760322888844664,-0.13382917289849605,0.025910001,1.2,5.0,21.0,15.0,0,42.2,Cae 26% desde máx. 52s; roe sólido (173.5%); peg atractivo (1.47)
CL,Colgate-Palmolive Company,Consumer Defensive,86.345,99.33,74.55,-0.13072586328400282,21.057085,1.57,15.193,291.7061,2.67367,0.049,0.07281634513092983,1.5767609542619505,0.05024379026412912,-0.03868847123054864,-0.052792290443468226,0.096829996,6.2,8.2,22.7,5.0,0,42.1,Roe sólido (267.4%)
SOLV,Solventum Corporation,Healthcare,89.08,94.16,62.38,-0.053950722175021226,12.32034,1.22,17.677,3.1570742,0.33960998,0.022,0.04506777482398716,4.648814544754933,0.032248427131438225,-0.021743858781294256,0.15463383109816298,0.17256,11.1,3.9,17.0,10.0,0,42.1,Roe sólido (34.0%); peg atractivo (1.22)
ORBIA.MX,ORBIA ADVANCE CORP S A B DE CV,Industrials,19.77,24.76,15.11,-0.20153473344103398,14.8538885,1.43,38.252,0.9812191,-0.07047,0.196,,5.188829957446808,0.010619802025102128,-0.0700846545191467,-0.12367017172986294,-0.03678,8.0,12.0,7.0,15.0,0,42.0,Cae 20% desde máx. 52s; peg atractivo (1.43); crece 19.6% yoy
WELL,Welltower Inc.,Real Estate,232.46,255.2,163.75,-0.08910658307210025,73.10063,3.66,55.951,3.6005142,0.03836,0.391,0.6671109926452392,5.903345602978617,0.016454301604692027,-0.016000671738073846,0.028054633976220877,0.12149999,0.0,25.0,7.0,10.0,0,42.0,Crece 39.1% yoy
EFX,"Equifax, Inc.",Industrials,139.5,258.32,138.17,-0.4599721275936822,13.728828,1.24,11.726,3.7452679,0.14275,0.106,-0.01986086927646258,2.841085105797057,0.05781495098850848,-0.2625290901918964,-0.11855395471341712,0.10729,16.2,7.6,15.2,3.0,0,42.0,Peg atractivo (1.24); crece 10.6% yoy
IP,International Paper Company,Consumer Cyclical,32.9101,50.25,29.26,-0.3450726368159204,10.89843,1.58,6.91,1.2055423,-0.16479,-0.022,,2.5172850101137567,0.09447333722920537,-0.13234907506917848,-0.1263837276854497,-0.14205,18.0,0.0,8.9,15.0,0,41.9,Cae 35% desde máx. 52s
KIM,Kimco Realty Corporation (HC),Real Estate,22.295,26.65,19.76,-0.16341463414634136,25.335228,3.37,17.566,1.4556673,0.05806,0.049,0.7241086201913651,6.650191617857377,0.058272741116306384,-0.04854193887421743,-0.1100958772829248,0.27759,5.0,14.9,7.0,15.0,0,41.9,Cae 16% desde máx. 52s
FCX,"Freeport-McMoRan, Inc.",Basic Materials,70.63,80.24,37.2,-0.11976570289132603,16.990005,4.52,12.741,5.043919,0.14755,-0.073,-0.14003278311449818,1.0842579236743788,0.021288937293339125,-0.06746766245680014,0.1257978837573248,0.113850005,8.0,0.0,23.8,10.0,0,41.9,Cumple criterios base del screener
VTRS,Viatris Inc.,Healthcare,18.025,18.43,9.55,-0.021975040694519866,6.7426276,3.24,7.711,1.4319192,-0.02754,0.049,,3.1738382251747987,0.12931906012598404,0.09176252989979772,0.14358855023575345,-0.02787,18.0,1.9,7.0,15.0,0,41.9,Cumple criterios base del screener
YUM,"Yum! Brands, Inc.",Consumer Cyclical,137.35,170.14,134.26,-0.1927236393558246,19.820398,1.73,16.45,-5.193995,,0.122,0.06690461655968871,4.3722293402868315,0.02223009675596908,-0.09958594259453635,-0.13647888580520207,0.25406998,4.8,15.0,7.0,15.0,0,41.7,Cae 19% desde máx. 52s; crece 12.2% yoy
ORLY,"O'Reilly Automotive, Inc.",Consumer Cyclical,85.905,108.72,82.59,-0.20985099337748342,23.532585,1.61,19.02,-38.196976,,0.081,0.10034067720734963,2.2992859432877895,0.022602510695643247,-0.03260139834424958,-0.0671625345265533,0.1427,3.0,13.8,9.8,15.0,0,41.6,Cae 21% desde máx. 52s; crece 8.1% yoy
PM,Philip Morris International Inc,Consumer Defensive,192.92,207.76,142.11,-0.07142857142857145,20.990602,2.29,19.265,-35.031776,,0.104,0.07709372585660357,2.7276712586656315,0.03230719132849331,0.030005312469933543,0.0663865693644412,0.25559,4.4,14.1,8.1,15.0,0,41.6,Crece 10.4% yoy
ILMN,"Illumina, Inc.",Healthcare,271.0575,278.99,88.0,-0.028432918742607276,44.399918,3.33,36.724,14.421787,0.32339,0.094,,2.1878787220569365,0.01948769197710145,0.26881752994331043,0.5415884223082226,0.18336001,0.0,6.4,20.2,15.0,0,41.6,Roe sólido (32.3%); crece 9.4% yoy
BDX,"Becton, Dickinson and Company",Healthcare,181.38,193.07,127.58648,-0.06054798777645413,13.645299,1.11,10.811,2.0234947,0.06607,0.054,-0.003412995832631105,2.745956488113252,0.09064523028927046,-0.0300906467862877,0.20564089976895183,0.0419,21.1,2.4,8.0,10.0,0,41.5,Peg atractivo (1.11)
MMM,3M Company,Industrials,168.37,184.9,139.34,-0.08939967550027042,17.183014,1.6,14.691,29.414743,0.81891996,0.025,-0.16156804116139434,2.028359970406905,0.07313100586888299,-0.020485388086778022,0.04407873551566044,0.11902001,10.6,0.0,20.9,10.0,0,41.4,Roe sólido (81.9%)
SBAC,SBA Communications Corporation,Real Estate,161.13,224.46,160.88,-0.2821438118150228,19.687286,9.65,17.619,-3.6920857,,0.023,0.32425374026161324,8.29486046867658,0.04399539879321919,-0.1504270706971237,-0.08057530868088725,0.34512,6.2,13.0,7.0,15.0,0,41.2,Cae 28% desde máx. 52s
PFE,"Pfizer, Inc.",Healthcare,28.575,29.21,23.62,-0.02173913043478266,9.862816,13.11,8.501,1.9113593,0.05014,0.026,-0.37119325149029947,2.500886433910226,0.07667165687740567,0.004040818066278096,0.20742897569060226,0.06804,17.2,0.0,9.0,15.0,0,41.2,Cumple criterios base del screener
INTC,Intel Corporation,Technology,116.415,142.35,32.89,-0.18219178082191773,56.455135,1.36,36.916,6.70632,-0.10715,0.254,,3.001009649436873,0.007907894208913904,0.3005809198657887,-0.166260854798142,-0.19794,2.0,12.0,7.0,20.0,0,41.0,Cae 18% desde máx. 52s; peg atractivo (1.36); crece 25.4% yoy
MCD,McDonald's Corporation,Consumer Cyclical,234.83,341.75,232.06,-0.3128602779809802,16.93974,2.04,14.674,-162.39973,,0.037,0.12782305435705021,3.657334343478821,0.037685317762948055,-0.10260630916585023,-0.1250817509577028,0.3172,7.1,11.8,7.0,15.0,0,40.9,Cae 31% desde máx. 52s
VLTO,Veralto Corp,Industrials,96.41,107.9,80.03,-0.10648748841519934,20.211826,2.3,17.934,7.6021132,0.34312,0.075,0.0315732862953928,2.58489204028777,0.03433972720191136,-0.021913320882644416,0.08716738081114372,0.17346,5.0,7.2,18.7,10.0,0,40.9,Roe sólido (34.3%)
XYZ,"Block, Inc.",Technology,73.48,86.92,48.21,-0.15462494247583983,14.138302,0.59,28.711,2.002289,0.01612,0.093,,4.632902945239819,-0.0006139994462586707,-0.10412086851572366,-0.033157850566663205,0.01426,14.0,6.3,0.0,20.0,0,40.3,Cae 15% desde máx. 52s; peg atractivo (0.59); crece 9.3% yoy
HRL,Hormel Foods Corporation,Consumer Defensive,19.695,26.6,19.42,-0.2595864661654136,12.67758,1.39,10.272,1.3819113,0.042930003,-0.024,-0.2181034655991424,2.25713557426671,0.05734315996159135,-0.0986270319918664,-0.19697243536880849,0.028210001,15.3,0.0,10.0,15.0,0,40.3,Cae 26% desde máx. 52s; peg atractivo (1.39)
ITW,Illinois Tool Works Inc.,Industrials,266.34,303.16,238.82,-0.12145401768043293,21.478928,2.55,18.07,26.209408,1.04618,0.061,0.023985109954127504,2.0170619787382575,0.03207493193999315,-0.03279223931225339,-0.015269733664261098,0.19393998,4.2,5.2,20.9,10.0,0,40.3,Roe sólido (104.6%)
EXC,Exelon Corporation,Utilities,40.29,50.65,39.73,-0.20454096742349456,13.260705,2.17,11.069,1.4004171,0.09711,0.099,0.09184381116654738,6.3043687174672405,-0.06468788487329358,-0.06967914102183081,-0.1275497826057327,0.10989001,10.4,14.9,0.0,15.0,0,40.2,Cae 20% desde máx. 52s; crece 9.9% yoy
APTV,Aptiv PLC,Consumer Cyclical,43.29,88.93,42.92,-0.5132126391543912,6.5880184,0.95,4.325,1.030518,0.05158,0.023,-0.27400260227510465,1.7581193493719884,0.17977243391837117,-0.032841766334443134,-0.2947214049819399,0.010720001,25.0,0.0,12.0,3.0,0,40.0,Peg atractivo (0.95)
TSLA,"Tesla, Inc.",Consumer Cyclical,353.95,498.83,297.38,-0.2904396287312311,162.89366,4.45,128.776,16.092293,0.046669997,0.255,-0.3318021688674605,1.4951185050266926,0.0034593698496097774,-0.03807585079720588,-0.1584878808720307,0.03671,0.0,12.0,13.0,15.0,0,40.0,Cae 29% desde máx. 52s; crece 25.5% yoy
PSKY,Paramount Skydance Corporation,Communication Services,9.915,20.09,7.62,-0.506470881035341,11.722075,0.72,8.202,0.9442857,-0.00896,0.009,,4.894863975062662,1.5815335773766726,-0.08700107540460278,0.010224943112707052,-0.021329999,24.8,0.0,7.0,8.0,0,39.8,Peg atractivo (0.72)
GM,General Motors Company,Consumer Cyclical,80.19,91.85,54.33,-0.1269461077844311,5.3323636,0.29,10.719,1.1342933,0.03164,0.019,-0.18898461530269617,7.822378611027551,0.3024178145350681,-0.06909360155206212,0.04249914205062799,0.01051,22.7,0.0,7.0,10.0,0,39.7,Peg atractivo (0.29)
BRK-B,Berkshire Hathaway Inc. New,Financial Services,501.915,537.74,464.01,-0.06662141555398518,22.616385,10.06,-1.79,0.0009611071,0.121199995,0.1,,0.9840529847487998,0.06698772183155806,-0.004196159433956792,0.0030476105674406284,0.22296,7.1,7.0,15.4,10.0,0,39.5,Crece 10.0% yoy
KOF,Coca Cola Femsa S.A.B. de C.V.,Consumer Defensive,108.255,117.09,80.22,-0.07545477837560857,13.7043085,18.36,1.57,2.7358322,0.17065,0.047,-0.46084138023422494,1.788853856936182,,-0.02613355805134454,0.029989858491439092,0.08085,13.0,1.7,14.8,10.0,0,39.5,Roe sólido (17.1%)
MAR,Marriott International,Consumer Cyclical,360.98,410.98,256.76,-0.12166042143169983,27.465197,1.76,23.019,-20.885212,,0.111,0.09516775967882674,3.6921478303708097,0.021888281448258985,0.0562382978449818,-0.023952078020507694,0.35029998,1.2,16.3,7.0,15.0,0,39.5,Crece 11.1% yoy
PANW,"Palo Alto Networks, Inc.",Technology,384.355,398.88,139.57,-0.03641446048937018,78.77629,1.91,205.273,11.394035,0.01739,0.345,-0.14501202666165147,1.6455128615384615,0.013487889436205028,0.005822641705923948,0.1270747269038206,0.02674,0.0,12.0,12.4,15.0,0,39.4,Crece 34.5% yoy
VTR,"Ventas, Inc.",Real Estate,86.35,101.6,66.93,-0.1500984251968504,109.303795,4.94,24.331,3.0235653,0.02012,0.217,,5.426190351769644,0.03356864997007038,-0.05286826578511472,-0.0275901406918726,0.04093,0.4,12.0,7.0,20.0,0,39.4,Cae 15% desde máx. 52s; crece 21.7% yoy
NSC,Norfolk Southern Corporation,Industrials,312.455,358.6,277.8,-0.12868098159509211,21.82759,3.69,15.256,4.317943,0.16985,0.114,-0.027909035954415184,3.028430149069481,0.019695780968483914,-0.08849447538282296,-0.0028558077603019205,0.21021,3.8,8.4,17.0,10.0,0,39.2,Roe sólido (17.0%); crece 11.4% yoy
CIEN,Ciena Corporation,Technology,348.05,637.51,143.19,-0.45404777964267223,29.508041,0.36,48.233,16.156809,0.22396,0.37,-0.05273176281409042,3.204048764959314,0.012832533697745278,-0.09077847729398048,-0.29050475064184833,0.10869,7.2,12.0,17.0,3.0,0,39.2,Roe sólido (22.4%); peg atractivo (0.36); crece 37.0% yoy
CSX,CSX Corporation,Industrials,46.885,53.6,33.63,-0.1252798507462687,20.616495,1.68,15.324,6.1674557,0.24357,0.101,-0.07566647873326204,2.8474602034493555,0.022489076448894085,-0.07176796912413685,-0.010869902002199172,0.22208999,4.4,7.1,17.6,10.0,0,39.1,Roe sólido (24.4%); crece 10.1% yoy
ELV,"Elevance Health, Inc.",Healthcare,393.575,436.24,274.84,-0.09780166880616178,13.323658,1.3,9.52,1.9014572,0.11133,0.014,0.005345551244794411,3.729457075773788,0.05045291854580425,0.007000619738769531,0.022129190584596614,0.02468,16.5,0.5,7.0,15.0,0,39.0,Peg atractivo (1.30)
AEP,American Electric Power Company,Utilities,118.73,140.58,109.67,-0.15542751458244422,17.315557,2.0,13.122,2.0147974,0.10130999,0.07,0.14044924681547055,5.928120395813588,-0.09276443667556866,-0.030221325974184143,-0.12554676579644908,0.13781999,7.5,16.2,0.0,15.0,0,38.7,Cae 16% desde máx. 52s
COO,"The Cooper Companies, Inc.",Healthcare,56.315,89.83,51.01,-0.3730936212846488,11.9978695,0.52,14.382,1.285437,0.06838,0.006,-0.012175123452430547,3.0055795364806865,0.05067424325226034,-0.1965330065759311,-0.2146841535952152,0.1346,16.6,0.0,7.0,15.0,0,38.6,Cae 37% desde máx. 52s; peg atractivo (0.52)
PCAR,PACCAR Inc.,Industrials,111.59,139.24,92.25,-0.19857799482907212,15.445838,0.83,19.843,2.8904085,0.12755999,0.005,-0.07795451946375576,4.52876251751999,0.03309069010238699,-0.10102313053247125,-0.06855253111071347,0.09003,14.1,0.0,9.5,15.0,0,38.6,Cae 20% desde máx. 52s; peg atractivo (0.83)
L,Loews Corporation,Financial Services,105.355,121.01,97.38,-0.12936947359722337,36.32931,1.32,7.696,1.1265746,0.09313,0.039,0.3310076155904105,2.7605806810865503,0.058595519937575294,-0.027103126177671966,-0.06886264570460521,0.09024,11.4,13.9,8.0,5.0,0,38.2,Peg atractivo (1.32)
DUK,Duke Energy Corporation (Holdin,Utilities,114.05,134.49,112.4,-0.15198155996728388,15.903517,2.11,11.015,1.6541932,0.098570004,0.011,0.2374520379781513,5.54889561504058,-0.050349993095415824,-0.04886998942026788,-0.09106689188996098,0.15995,10.0,13.0,0.0,15.0,0,38.0,Cae 15% desde máx. 52s
HBAN,Huntington Bancshares Incorpora,Financial Services,15.215,19.46,14.89,-0.21813977389516961,8.569127,1.87,,1.0335575,0.09002,0.476,-0.013987851140241592,,,-0.07935604427792842,-0.1333588279709491,0.26131,7.0,12.0,4.0,15.0,0,38.0,Cae 22% desde máx. 52s; crece 47.6% yoy
SYY,Sysco Corporation,Consumer Defensive,78.19,91.85,68.19,-0.1487207403375068,14.57344,1.47,11.33,14.035182,0.77692,0.047,0.017928335006903495,3.3501000696151317,0.05104347585653193,-0.03564380025138991,-0.058288419455722384,0.02078,12.7,3.3,17.0,5.0,0,37.9,Roe sólido (77.7%); peg atractivo (1.47)
CFG,"Citizens Financial Group, Inc.",Financial Services,63.9,75.33,47.955,-0.15173237753882915,9.7864,1.65,,1.1220171,0.08270001,0.147,-0.019905807112054585,,,-0.07216496330036493,-0.08213385907022164,0.26051,7.0,11.7,4.0,15.0,0,37.7,Cae 15% desde máx. 52s; crece 14.7% yoy
EW,Edwards Lifesciences Corporatio,Healthcare,87.635,96.29,72.3,-0.08988472323190363,25.949472,1.84,23.341,4.758892,0.09175,0.136,-0.09143970358393017,0.3527644230769231,0.02439801793755063,-0.034325045330793724,-0.031229239186750024,0.15431,1.9,10.6,15.0,10.0,0,37.5,Crece 13.6% yoy
ROK,"Rockwell Automation, Inc.",Industrials,430.2327,497.36,332.71,-0.13496722695834001,28.914791,1.91,24.389,13.673808,0.30629,0.079,-0.01270785701033128,1.7270554187380498,0.02723573008714216,0.013671757315827815,-0.12830655262777468,0.13385001,0.5,4.9,22.1,10.0,0,37.5,Roe sólido (30.6%)
TMO,Thermo Fisher Scientific Inc,Healthcare,676.4287,682.98,435.27,-0.009592228176520497,24.559042,2.01,24.663,4.7477674,0.13515,0.105,0.0020754776521438867,3.6245846187852666,0.02493825768756745,0.09698141766726165,0.35022183566123766,0.15036,2.5,7.7,12.0,15.0,0,37.3,Crece 10.5% yoy
USB,U.S. Bancorp,Financial Services,58.215,66.08,45.02,-0.11902239709443092,10.046353,1.79,,1.4961065,0.12623,0.104,0.07780088648706851,,,-0.054644390685448685,-0.03617551851144962,0.29896,7.0,14.1,6.1,10.0,0,37.2,Crece 10.4% yoy
VRSN,"VeriSign, Inc.",Technology,279.02,312.48,208.86,-0.10707885304659509,25.2239,2.12,22.578,-11.189894,,0.06,0.12183875635054564,1.9732715278246207,0.03301843734514701,-0.032121582506021595,0.11241477208090389,0.49769002,2.5,13.6,11.1,10.0,0,37.2,Cumple criterios base del screener
TFC,Truist Financial Corporation,Financial Services,46.425,56.2,40.78,-0.1739323843416371,9.3295765,1.08,,0.96642244,0.09059,0.082,-0.04818353706579703,,,-0.0636345800216972,-0.05891026916944775,0.30692,12.9,5.2,4.0,15.0,0,37.1,Cae 17% desde máx. 52s; peg atractivo (1.08); crece 8.2% yoy
CSGP,"CoStar Group, Inc.",Real Estate,26.67,85.24,25.89,-0.6871187236039418,15.03611,0.1,27.539,1.3610616,0.00894,0.184,-0.7219119357371475,2.9314722436548224,0.03818955361525356,-0.1683816548149759,-0.05826269902226833,0.02081,14.8,12.0,7.3,3.0,0,37.1,Peg atractivo (0.10); crece 18.4% yoy
KMI,"Kinder Morgan, Inc.",Energy,30.215,34.81,25.6,-0.1320022981901753,19.562458,3.14,13.332,2.1252725,0.109910004,0.108,0.06946745327787363,4.246889558009534,0.015977331437937496,-0.0628102177560187,-0.04606133984701799,0.19305,6.3,13.8,7.0,10.0,0,37.1,Crece 10.8% yoy
ES,Eversource Energy (D/B/A),Utilities,63.6875,76.57,62.72,-0.16824474337207776,12.953908,2.18,10.537,1.4678259,0.09016,0.023,0.04032716713858986,6.042494212137687,0.033846568222776756,-0.08130446180418371,-0.10838102702644392,0.10354,11.2,3.5,7.0,15.0,0,36.7,Cae 17% desde máx. 52s
EMR,Emerson Electric Company,Industrials,157.33,166.35,122.64,-0.05422302374511561,21.666769,1.82,16.597,4.3062816,0.128,0.07,-0.09274779302654812,2.2783097846853173,0.04223229148707113,0.03207819018192426,0.10278423961231131,0.13828,5.1,4.0,12.6,15.0,0,36.7,Cumple criterios base del screener
INVH,Invitation Homes Inc.,Real Estate,26.4501,30.893,24.25,-0.14381575114103523,37.207024,13.14,16.12,1.7252691,0.070539996,0.101,0.15073916532957599,5.722495103409808,0.07481643006096919,-0.08208394765057336,-0.11459538789233792,0.23197001,4.5,20.1,7.0,5.0,0,36.6,Crece 10.1% yoy
SWKS,"Skyworks Solutions, Inc.",Technology,86.33,92.8,51.93,-0.06971982758620689,17.395948,12.65,14.84,2.2642155,0.05094,-0.031,-0.2666692533621162,0.7738014451261077,0.03454977758692654,0.28831516309381566,0.2733038045020628,0.072270006,6.5,0.0,15.0,15.0,0,36.5,Cumple criterios base del screener
SJM,The J.M. Smucker Company,Consumer Defensive,120.125,135.89,88.25,-0.11601295165207144,10.998666,2.17,8.738,2.2313964,0.03931,0.05,,3.0655948718128485,0.11411487775250966,-0.08413390785301766,0.07778457662160476,0.02506,17.4,2.0,7.0,10.0,0,36.4,Cumple criterios base del screener
TSCO,Tractor Supply Company,Consumer Cyclical,31.64,58.21,28.36,-0.456450781652637,15.448087,2.03,11.92,6.2965174,0.39513,0.023,0.01985711856323702,3.388574697779329,0.006258450567278406,-0.09340979924637327,0.007864068839507521,0.06425,9.4,1.7,17.0,8.0,0,36.2,Roe sólido (39.5%)
IEX,IDEX Corporation,Industrials,229.17,243.8,159.27,-0.06000820344544718,23.80779,1.75,18.914,4.2311954,0.12955,0.064,-0.05969686551893727,1.9484345296578536,0.032887398622147346,0.002318049250838339,0.01308617322064709,0.1449,3.2,3.4,14.4,15.0,0,36.0,Cumple criterios base del screener
DDOG,"Datadog, Inc.",Technology,267.39,292.72,98.01,-0.0865332057939329,89.94115,1.36,1119.17,21.980724,0.04696,0.356,,15.414320904254678,0.01094959484244022,0.12815355450810517,0.027106798401589582,0.044770002,2.0,12.0,7.0,15.0,0,36.0,Peg atractivo (1.36); crece 35.6% yoy
PNC,"PNC Financial Services Group, I",Financial Services,221.48,258.96,176.88,-0.1447327772628977,10.336636,1.58,,1.5220528,0.12623,0.236,0.06201879866723403,,,-0.07574180522238616,-0.09330777797295009,0.31366,7.0,17.4,6.1,5.0,0,35.5,Crece 23.6% yoy
ETR,Entergy Corporation,Utilities,99.26,118.45,90.87,-0.1620092866188265,19.445969,1.51,13.878,2.5408936,0.10248999,0.059,0.13347206831225544,6.252573640624433,-0.09279774475625341,-0.06631545089141411,-0.13065865557865375,0.13329001,5.9,14.5,0.0,15.0,0,35.4,Cae 16% desde máx. 52s
MDLZ,"Mondelez International, Inc.",Consumer Defensive,59.525,66.65,51.2,-0.10690172543135794,17.701023,0.89,15.988,2.8613663,0.13340001,0.041,-0.012049229088722857,3.628124968421053,0.02964734301600558,-0.041002065111296115,0.029132112186130765,0.08862001,12.7,1.1,11.5,10.0,0,35.3,Peg atractivo (0.89)
EL,"Estee Lauder Companies, Inc. (T",Consumer Defensive,94.995,121.64,66.22,-0.2190480105228543,24.258854,2.12,16.426,9.0299425,0.04745,0.063,-0.43620407353177837,3.7661913999852343,0.05272548118594908,-0.07140762548638324,0.2073170412435521,0.01209,5.0,3.3,7.0,20.0,0,35.3,Cae 22% desde máx. 52s
KEY,KeyCorp,Financial Services,20.15,24.07,16.47,-0.16285832987120905,9.436833,1.35,,1.2487606,0.1033,0.101,-0.07651730931537581,,,-0.0586312089631571,-0.11744117494473982,0.2754,9.1,7.1,4.0,15.0,0,35.2,Cae 16% desde máx. 52s; peg atractivo (1.35); crece 10.1% yoy
ADM,Archer-Daniels-Midland Company,Consumer Defensive,79.7,88.75,55.58,-0.10197183098591546,14.05614,1.0,15.789,1.6296234,0.07642,0.072,-0.33867212544089975,3.119198640524637,0.030319161854059508,-0.019559650010797958,0.049814662118263575,0.021559998,14.0,4.2,7.0,10.0,0,35.2,Peg atractivo (1.00)
CTVA,"Corteva, Inc.",Basic Materials,78.05,90.97,60.535,-0.1420248433549522,18.925114,1.02,12.777,2.069249,0.04256,-0.012,0.004201730021000882,1.1403508152087831,0.046418938418243606,-0.07578441832753191,-0.0764392277318573,0.056649998,15.4,0.4,14.4,5.0,0,35.2,Peg atractivo (1.02)
C,"Citigroup, Inc.",Financial Services,130.99,147.96,93.66,-0.11469316031359826,10.146548,0.61,,1.1416445,0.08529,0.155,-0.0004764174136978605,,,-0.004786427954677652,-0.0593313404967335,0.21832001,14.0,12.0,4.0,5.0,0,35.0,Peg atractivo (0.61); crece 15.5% yoy
AZO,"AutoZone, Inc.",Consumer Cyclical,2839.445,4332.68,2764.88,-0.3446446541170823,14.766876,1.3,13.739,-18.350847,,0.056,0.07323782044011162,2.96276524306374,,-0.050746487199479495,-0.11154617407798129,0.1265,10.9,8.9,0.1,15.0,0,35.0,Cae 34% desde máx. 52s; peg atractivo (1.30)
TKO,"TKO Group Holdings, Inc.",Communication Services,178.62,226.94,176.0,-0.2129197144619723,38.15639,1.53,13.953,3.9094748,0.07063,0.182,,3.0575219735724586,0.02532429694978609,-0.01784461005686433,-0.10907852426888898,0.0433,0.9,12.0,7.0,15.0,0,34.9,Cae 21% desde máx. 52s; crece 18.2% yoy
PSA,Public Storage,Real Estate,284.6501,335.55,256.54,-0.15169095514826406,27.832052,3.86,18.734,10.328003,0.21929,0.033,-0.27352783933755787,2.9623313930087978,0.043886993103089245,-0.06325749172440243,-0.09657072422425439,0.41632998,2.4,0.3,17.2,15.0,0,34.9,Cae 15% desde máx. 52s; roe sólido (21.9%)
TDY,Teledyne Technologies Incorpora,Technology,603.285,697.67,483.02,-0.1352860234781487,22.531221,1.4,18.841,2.5612848,0.09154,0.098,0.04530504261422341,1.272921416729465,0.0326355382930809,-0.015768070593064176,-0.09538918719552203,0.15292,5.1,10.7,13.9,5.0,0,34.8,Peg atractivo (1.40); crece 9.8% yoy
CARR,Carrier Global Corporation,Industrials,55.31,76.76,50.24,-0.27944241792600316,16.696955,1.1,18.568,3.4709759,0.08966,0.039,-0.25140280284035854,4.007113042500884,0.018900754105170635,-0.049982820103021686,-0.24323244759064022,0.055180002,11.8,0.9,7.0,15.0,0,34.7,Cae 28% desde máx. 52s; peg atractivo (1.10)
BIIB,Biogen Inc.,Healthcare,226.885,230.49,136.94,-0.01564059178272384,13.720794,2.35,12.164,1.7779562,0.04575,0.034,-0.25041283434599326,2.487229149797571,0.03779438824006721,0.04724209969395088,0.05010181000907643,0.083229996,10.2,0.4,9.1,15.0,0,34.7,Cumple criterios base del screener
NKE,"Nike, Inc.",Consumer Cyclical,35.72,76.97,35.22,-0.5359230869169807,16.560038,1.4,11.361,3.5634477,0.22138001,-0.011,-0.1336921346091703,2.240413971066442,0.03565256494222492,-0.07580854306600582,-0.12061093593046468,0.066989996,11.4,0.0,20.0,3.0,0,34.4,Roe sólido (22.1%); peg atractivo (1.40)
AKAM,"Akamai Technologies, Inc.",Technology,107.985,165.45,70.82,-0.34732547597461466,15.76619,1.38,20.046,3.2653463,0.08918,0.054,-0.01981754354736953,8.648026604705654,0.04575354082536076,-0.005846088383112735,-0.0864985919407234,0.09507,9.9,2.4,7.0,15.0,0,34.3,Cae 35% desde máx. 52s; peg atractivo (1.38)
DE,Deere & Company,Industrials,680.95,721.22,433.0,-0.05583594464934414,29.810047,1.6,28.328,6.559517,0.18242,0.049,-0.07374709270152346,7.509069186436811,0.024598120499454673,0.039181009958485724,0.07289579396938062,0.10168,0.1,1.9,17.0,15.0,0,34.0,Roe sólido (18.2%)
CRWD,"CrowdStrike Holdings, Inc.",Technology,260.26,263.87,85.68,-0.013680979270095175,162.06389,8.07,2445.225,52.229584,0.01461,0.258,,7.67519495419283,0.007487675790011027,0.12666670894209964,0.3641533913564803,0.00834,0.0,12.0,7.0,15.0,0,34.0,Crece 25.8% yoy
VRSK,"Verisk Analytics, Inc.",Industrials,164.7,253.35,155.94,-0.349911190053286,18.934603,1.42,17.087,-18.478626,,0.044,0.025985568006018145,3.045982043183236,0.04924033482033672,-0.14778879667509237,-0.08014547872956912,0.28237,8.2,3.7,7.0,15.0,0,33.9,Cae 35% desde máx. 52s; peg atractivo (1.42)
HLT,Hilton Worldwide Holdings Inc.,Consumer Cyclical,322.37,358.0,253.54,-0.09952513966480446,30.833933,1.3,27.568,-11.543309,,0.025,0.10548046712372283,4.54112696373057,0.01921150526420022,0.01925507892182665,-0.024036860245473246,0.31034002,2.8,9.1,7.0,15.0,0,33.9,Peg atractivo (1.30)
FTV,Fortive Corporation,Technology,55.005,64.56,47.71,-0.14800185873605948,16.921492,0.98,16.259,2.7464051,0.07318,0.079,-0.06256261441111921,2.9143853511426068,0.05653065084255814,-0.06403868205983232,-0.09851099459484125,0.12382,15.8,4.9,7.3,5.0,0,33.0,Peg atractivo (0.98)
MOS,Mosaic Company (The),Basic Materials,22.35,36.0,19.8,-0.37916666666666665,14.285988,2.02,7.581,0.61976594,-0.05073,-0.06,-0.44713769482781784,3.5370336829085485,-0.10503566541206279,-0.06553946627509899,0.0636710086433776,-0.05213,13.0,0.0,0.0,20.0,0,33.0,Cae 38% desde máx. 52s
CCI,Crown Castle Inc.,Real Estate,66.795,100.5,66.17,-0.3353731343283582,23.033234,0.53,18.926,-8.7017975,,-0.049,-0.3603957271499858,8.700371875705427,0.035500882327517615,-0.10997874103671201,-0.10516022213402676,0.20716,10.8,0.0,7.0,15.0,0,32.8,Cae 34% desde máx. 52s; peg atractivo (0.53)
CRL,Charles River Laboratories Inte,Healthcare,293.855,303.31,146.2,-0.031172727572450574,23.148306,0.12,19.967,4.9390717,-0.07516,-0.027,,3.573495140633078,0.033124567826888544,0.01948036685467347,0.29571418354240064,-0.05963,10.5,0.0,7.0,15.0,0,32.5,Peg atractivo (0.12)
LH,Labcorp Holdings Inc.,Healthcare,308.07,341.8,244.52,-0.09868344060854306,15.52449,1.21,13.71,2.8957214,0.11728,0.058,-0.09194582513342853,2.9412017741887606,0.03570416779786502,-0.07391930519807022,0.1026089380367523,0.069860004,12.5,2.8,7.2,10.0,0,32.5,Peg atractivo (1.21)
ATO,Atmos Energy Corporation,Utilities,157.57,192.51,155.0,-0.18149706508752791,17.467718,1.9,13.848,1.7451159,0.09792,0.048,0.10031474661040263,3.9339521116032827,-0.08340830096134182,-0.051525897231098905,-0.07981610059041788,0.28496,6.8,10.5,0.0,15.0,0,32.3,Cae 18% desde máx. 52s
PNW,Pinnacle West Capital Corporati,Utilities,92.505,111.16,86.18,-0.16782115869017633,16.619625,3.52,12.844,1.5936223,0.09365,0.071,0.05834499340033372,7.6800567959485235,-0.08290717662667611,-0.052591173374944455,-0.12760633831546664,0.11525,8.1,9.2,0.0,15.0,0,32.2,Cae 17% desde máx. 52s
MTD,"Mettler-Toledo International, I",Healthcare,1530.99,1552.71,1023.05,-0.013988446007303377,29.61567,2.81,25.905,2392.1719,,0.045,0.03064056292120587,1.675451221230144,0.022610338851166062,0.08956401089853294,0.198417216719307,0.21907,0.2,4.2,12.3,15.0,0,31.6,Cumple criterios base del screener
RVTY,"Revvity, Inc.",Healthcare,151.775,152.26,81.22,-0.00318534086431095,25.76322,0.73,21.888,2.3428214,0.03211,0.013,-0.23257674418944496,3.8152477096064086,0.035722203105890915,0.17956785619287818,0.3650023891973697,0.08158,9.5,0.0,7.0,15.0,0,31.5,Peg atractivo (0.73)
ED,"Consolidated Edison, Inc.",Utilities,103.48,116.23,94.96,-0.10969629183515443,15.9448,2.04,10.529,1.4886853,0.08962,0.132,0.06569042175811535,4.595910514163672,-0.022076767081619524,-0.033077867661867155,-0.05695831388845474,0.12533,10.4,15.9,0.0,5.0,0,31.3,Crece 13.2% yoy
FDXF,"FedEx Freight Holding Company, ",Industrials,112.32,200.0,110.5,-0.4384,20.761553,,23.16,-33.790615,0.69093,0.048,-0.25451919098841336,6.435793925176946,-0.030435200152192615,-0.16016154417934947,-0.25615894241838266,0.07447,4.3,1.8,10.0,15.0,0,31.1,Cae 44% desde máx. 52s; roe sólido (69.1%)
AEE,Ameren Corporation,Utilities,100.07,118.32,96.57,-0.1542427315753888,17.23087,2.45,12.645,2.0237832,0.11943,-0.062,0.08922553391323573,5.577493685442662,-0.0644769335117393,-0.049335717318968575,-0.10845792712606417,0.18583,8.0,7.7,0.0,15.0,0,30.7,Cae 15% desde máx. 52s
CNP,"CenterPoint Energy, Inc (Holdin",Utilities,36.885,45.26,36.37,-0.18504197967300046,17.670307,1.87,12.535,2.0730062,0.09825,0.107,0.002092056307007928,6.393876512087132,-0.21368470123070177,-0.0685606125556334,-0.15746081969885783,0.11611,7.9,7.9,0.0,15.0,0,30.7,Cae 19% desde máx. 52s; crece 10.7% yoy
HSIC,"Henry Schein, Inc.",Healthcare,84.7275,92.18,61.95,-0.0808472553699284,14.144942,1.72,13.709,3.0035627,0.088549994,0.067,-0.05784216280166665,3.530555496296296,0.04723281547664168,-0.05648665884016557,0.01445766667857229,0.02963,9.8,3.7,7.0,10.0,0,30.5,Cumple criterios base del screener
TECH,Bio-Techne Corp,Healthcare,72.4,72.69,43.2,-0.003989544641628725,31.391867,2.11,34.104,5.360581,0.09032,0.013,-0.12974116606482455,0.8652554035069303,0.020227266372883437,0.0012446960354579595,0.025904884468561207,0.14968,0.0,0.0,15.0,15.0,0,30.0,Cumple criterios base del screener
FERG,Ferguson Enterprises Inc.,Industrials,223.17,271.64,212.13,-0.17843469297599765,17.804956,1.4,16.421,6.962313,,0.046,0.036651920359264345,2.2428841944716305,,-0.005968537573724064,-0.05615550128724822,0.063200004,7.1,4.8,3.0,15.0,0,29.9,Cae 18% desde máx. 52s; peg atractivo (1.40)
FRT,Federal Realty Investment Trust,Real Estate,108.96,128.21,90.03,-0.15014429451680847,34.153526,3.59,17.539,2.9540465,0.12550999,0.072,-0.0021276660025275618,5.79182918766318,0.047887954657871004,-0.06093251546328304,-0.10914887368651649,0.32663,1.8,4.2,8.8,15.0,0,29.8,Cae 15% desde máx. 52s
LYV,"Live Nation Entertainment, Inc.",Communication Services,170.45,189.25,125.34,-0.09933949801849412,91.55955,4.46,28.367,477.451,0.17677,0.094,,7.27546053017664,0.04268744127361962,-0.05247652717458107,-0.06913878881497681,0.00513,1.3,6.4,17.0,5.0,0,29.7,Roe sólido (17.7%); crece 9.4% yoy
DTE,DTE Energy Company,Utilities,122.31,155.75,119.68,-0.21470304975922952,14.622301,1.56,14.638,2.0949233,0.1103,-0.015,0.08394043095201797,7.696986589053675,-0.10202347351426304,-0.08995915679646238,-0.18993993250466235,0.07999,7.3,7.3,0.0,15.0,0,29.6,Cae 21% desde máx. 52s
FITB,Fifth Third Bancorp,Financial Services,50.935,59.5,40.05,-0.14394957983193274,10.280511,1.65,,1.4295938,0.08438,0.518,0.017598909234150195,,,-0.05272455012715771,-0.09641649213371783,0.23239,7.0,13.5,4.0,5.0,0,29.5,Crece 51.8% yoy
CMS,CMS Energy Corporation,Utilities,63.23,80.36,62.285,-0.2131657541065207,15.215979,2.27,13.101,2.0763144,0.09158,-0.005,0.06843865593176002,6.3952948928421955,-0.11090035592003956,-0.0709667674054677,-0.16679376028478088,0.11642,8.5,5.9,0.0,15.0,0,29.5,Cae 21% desde máx. 52s
ECHO,EchoStar Corporation,Communication Services,89.76,147.25,65.76,-0.3904244482173175,3.9489663,1.33,21.64,1.8417975,-0.33428,-0.04,,8.835989786770487,-0.7229071781676213,0.038408139762313054,-0.11566500358393628,-0.38712,9.4,0.0,0.0,20.0,0,29.4,Cae 39% desde máx. 52s; peg atractivo (1.33)
DHR,Danaher Corporation,Healthcare,225.07,242.8,160.93,-0.07302306425041194,24.204096,1.34,22.836,3.0087159,0.07605,0.055,-0.1944272804312125,3.4701045071815204,0.02733596099967609,0.05389590699197799,0.181593933077135,0.15948,4.9,2.5,7.0,15.0,0,29.4,Peg atractivo (1.34)
SO,Southern Company (The),Utilities,83.32,100.84,81.69,-0.1737405791352639,16.923918,1.96,12.036,2.4222338,0.114829995,0.001,0.06338245126558739,5.406578708096653,-0.04082886493635806,-0.053181821649724736,-0.12226516581282254,0.15435,8.6,5.5,0.0,15.0,0,29.1,Cae 17% desde máx. 52s
SRE,DBA Sempra,Utilities,77.82,101.04,76.21,-0.229809976247031,14.046044,0.64,16.601,1.5565245,0.06679,-0.001,-0.05991259679106842,6.241743498628391,-0.5435181625613718,-0.03949059592788251,-0.1535582174706518,0.16824,14.0,0.0,0.0,15.0,0,29.0,Cae 23% desde máx. 52s; peg atractivo (0.64)
FISV,"Fiserv, Inc.",N/D,45.47,130.4,44.82,-0.6513036809815951,5.6667147,1.3563,,0.89742833,,,0.17481865339726865,,,-0.1470643397228616,-0.0729867089101297,,9.0,13.0,4.0,3.0,0,29.0,Peg atractivo (1.36)
WMB,"Williams Companies, Inc. (The)",Energy,68.25,80.08,56.19,-0.1477272727272727,26.463848,1.99,16.661,6.345296,0.21503,0.078,0.08617324459827991,4.378359340283662,-0.01816876464711409,-0.08400236984634701,-0.07525386247972976,0.24937001,1.7,12.3,10.0,5.0,0,28.9,Roe sólido (21.5%)
BXP,"BXP, Inc.",Real Estate,61.625,76.37,49.72,-0.19307319628126232,27.723791,2.35,17.565,1.90695,0.05308,0.037,-0.3144299612646789,10.115601563271726,0.0790051831718728,-0.09361667986110211,-0.0706529592985421,0.09304,6.0,0.7,7.0,15.0,0,28.7,Cae 19% desde máx. 52s
WAT,Waters Corporation,Healthcare,440.81,445.48,282.77,-0.010483074436562843,26.640373,1.61,33.371,2.8495243,0.019199999,1.134,-0.028361414526540174,3.771914008352341,-0.003282424825927617,0.06314061299828144,0.1753679274615152,0.03588,1.6,12.0,0.0,15.0,0,28.6,Crece 113.4% yoy
O,Realty Income Corporation,Real Estate,55.095,67.94,54.95,-0.18906387989402412,35.47604,2.8,15.963,1.3181252,0.03225,0.096,-0.06251173723614811,5.8484322503743496,0.030347682964092508,-0.10093011882832015,-0.1031198681272687,0.20898001,0.0,6.6,7.0,15.0,0,28.6,Cae 19% desde máx. 52s; crece 9.6% yoy
NI,NiSource Inc,Utilities,39.285,49.21,38.869,-0.2016866490550702,17.43559,2.03,12.704,1.9673978,0.085489996,0.046,0.046795619671746724,5.764375762670224,-0.09411067841839925,-0.03995597249987226,-0.1682808811549238,0.13153,7.8,5.7,0.0,15.0,0,28.5,Cae 20% desde máx. 52s
WBD,"Warner Bros. Discovery, Inc. - ",Communication Services,30.855,30.92,17.08,-0.002102199223803405,495.90164,55.18,13.775,2.3566027,-0.08786,-0.112,,4.109200475168591,0.20899502164495287,0.08149312301556022,0.1573518274131358,-0.08769,6.0,0.0,7.0,15.0,0,28.1,Cumple criterios base del screener
ARE,Alexandria Real Estate Equities,Real Estate,48.12,85.37,39.41,-0.43633594939674364,-59.407406,3.24,13.916,0.52819335,-0.040760003,-0.119,,7.389570628385881,0.16241244502764793,-0.061805457731682445,-0.08949857481173729,-0.36078998,5.9,0.0,7.0,15.0,0,27.9,Cae 44% desde máx. 52s
ESS,"Essex Property Trust, Inc.",Real Estate,273.145,303.35,238.46,-0.09957145211801562,43.358826,7.02,19.842,3.2978172,0.0771,0.031,0.183737118876667,5.483954713062169,0.05544345683146959,-0.034686891213609794,-0.06325665336901654,0.20893,2.5,13.1,7.0,5.0,0,27.6,Cumple criterios base del screener
RF,Regions Financial Corporation,Financial Services,26.945,32.47,22.7,-0.17015706806282718,9.473566,1.44,,1.31516,0.118669994,0.034,0.002915468391792686,,,-0.08908723824493237,-0.09873931124046043,0.30837,7.8,0.7,4.0,15.0,0,27.5,Cae 17% desde máx. 52s; peg atractivo (1.44)
PLD,"Prologis, Inc.",Real Estate,132.395,153.35,111.03,-0.13664819041408532,39.71854,115.82,24.248,2.3019214,0.07749,0.123,-0.05734301640934414,5.505852948543663,0.04201195955177619,-0.04626819456234832,-0.014939439017763956,0.43575,1.2,9.3,7.0,10.0,0,27.5,Crece 12.3% yoy
TTWO,"Take-Two Interactive Software, ",Communication Services,202.165,265.94,187.63,-0.23980973151838764,19.642603,2.76,50.82,10.675661,-0.09039,0.02,,3.8417482412732467,0.03323035651902926,-0.07981339966172296,-0.19127531505969497,-0.04792,5.2,0.0,7.0,15.0,0,27.2,Cae 24% desde máx. 52s
IRM,Iron Mountain Incorporated (Del,Real Estate,110.83,134.68,77.77,-0.17708642708642713,40.601532,2.7,20.851,-25.756449,,0.185,-0.3634769139588404,7.81929363028913,-0.013217195841681125,-0.03171946912611856,-0.11573778931982037,0.055359997,0.0,12.0,0.0,15.0,0,27.0,Cae 18% desde máx. 52s; crece 18.5% yoy
EXR,Extra Space Storage Inc,Real Estate,132.77,158.88,125.71,-0.16433786505538764,27.592127,5.3,18.375,2.1157892,0.06953,0.038,-0.10535333501523725,6.238331333007831,0.05117066751989873,-0.0479724261288732,-0.07549141660519187,0.2728,3.2,0.8,7.0,15.0,0,26.0,Cae 16% desde máx. 52s
MRNA,"Moderna, Inc.",Healthcare,199.3401,208.9032,22.28,-0.045777661615523324,-44.60578,,-34.128,11.763948,-0.38998002,0.021,,,0.0037601907873133908,0.4204083536490295,1.8464958821096742,-1.41427,0.0,0.0,11.0,15.0,0,26.0,Cumple criterios base del screener
MAA,Mid-America Apartment Communiti,Real Estate,117.93,144.41,116.67,-0.18336680285298795,35.95898,7.03,15.785,2.5177736,0.0705,0.01,-0.11643791015201987,4.616331777239678,0.06566084563828145,-0.08474974995008477,-0.14138940384210963,0.18173,3.6,0.0,7.0,15.0,0,25.6,Cae 18% desde máx. 52s
AWK,"American Water Works Company, I",Utilities,129.91,145.64,120.57,-0.10800604229607244,19.785711,2.32,14.234,2.213193,0.10095,0.062,0.0805509301100904,5.515962958126203,-0.06915532607747166,-0.0601894836329806,-0.006124735123241853,0.21347,5.4,10.2,0.0,10.0,0,25.6,Cumple criterios base del screener
XEL,Xcel Energy Inc.,Utilities,70.235,84.23,68.72,-0.16615220230321742,15.469174,1.75,13.552,1.8229599,0.0992,-0.051,0.025625825491252474,6.802384550393244,-0.180254959041112,-0.06459058979865995,-0.11829215066372023,0.15278,8.0,2.2,0.0,15.0,0,25.2,Cae 17% desde máx. 52s
DOC,"Healthpeak Properties, Inc.",Real Estate,20.0051,22.95,15.7,-0.12831808278867105,142.89357,4.32,15.402,1.7582264,0.03039,0.111,-0.5227593913804323,6.570301553720312,0.11599549015942563,-0.03428789828106127,-0.051531246131292896,0.08248,5.0,8.1,7.0,5.0,0,25.1,Crece 11.1% yoy
LNT,Alliant Energy Corporation,Utilities,63.935,78.81,62.7,-0.1887450831112803,17.34682,1.96,15.573,2.20177,0.11135,0.01,0.04774516892465397,6.625478425385795,-0.0686855126582294,-0.059502821181164456,-0.155575040270987,0.18447,5.9,4.1,0.0,15.0,0,25.0,Cae 19% desde máx. 52s
LEN,Lennar Corporation,Consumer Cyclical,82.73,133.76,75.7,-0.3815041866028707,15.696238,11.3,12.264,0.9123593,0.05962,-0.087,-0.20228066866138583,3.01121620779463,,-0.016407053185161113,-0.08030364366803866,0.04092,9.0,0.0,0.0,15.0,0,24.0,Cae 38% desde máx. 52s
WY,Weyerhaeuser Company,Real Estate,19.52,27.75,19.505,-0.2965765765765766,29.027748,1.86,27.812,1.4911008,0.04974,-0.009,-0.43761896821361546,7.9200580465116275,0.0009684573119426918,-0.1570580978366244,-0.17712812053401072,0.06888,0.5,0.0,7.0,15.0,0,22.5,Cae 30% desde máx. 52s
COIN,"Coinbase Global, Inc.",Financial Services,189.205,402.16,139.11,-0.5295280485378954,66.73403,2.33,69.303,3.815771,-0.07847,-0.173,,9.53227025448991,0.053455369723994305,0.005767630991013517,0.29424036302953804,-0.16344,2.3,0.0,7.0,13.0,0,22.3,Cumple criterios base del screener
F,Ford Motor Company,Consumer Cyclical,12.2905,17.78,11.11,-0.3087457817772779,6.289596,8.48,24.935,1.3720138,-0.18252,-0.038,,21.365433226503097,-0.16201436020279109,-0.11832854683221739,-0.10621509347048896,-0.03935,7.0,0.0,0.0,15.0,0,22.0,Cae 31% desde máx. 52s
AXON,"Axon Enterprise, Inc.",Industrials,419.04,764.02,339.01,-0.4515326823905133,39.742523,1.97,216.005,9.264032,0.06221,0.353,-0.09393302099393697,11.208592976633193,0.006526108389172694,-0.2603784059046903,-0.2525284609724907,0.06191,0.0,12.0,7.0,3.0,0,22.0,Crece 35.3% yoy
CPT,Camden Property Trust,Real Estate,98.07,119.81,96.53,-0.18145396878390793,89.97247,9.17,16.774,2.645036,0.07885,-0.008,-0.16313493007414215,5.450991198139616,0.012306690285198839,-0.07306241147414749,-0.14341862586532061,0.20622,0.0,0.0,7.0,15.0,0,22.0,Cae 18% desde máx. 52s
REG,Regency Centers Corporation,Real Estate,72.565,83.66,66.86,-0.1326201290939517,28.827896,2.61,17.593,1.9937084,0.081870005,0.089,-9.419629852402966e-05,4.801992432189447,0.05479343320884558,-0.019662228510958002,-0.0807643757295059,0.32996,3.0,5.9,7.0,5.0,0,20.9,Crece 8.9% yoy
HONA,Honeywell Aerospace Inc.,Industrials,154.59,297.5,149.19,-0.48036974789915965,17.01285,1.02,17.932,-8.600756,,0.054,-0.21456076380888656,4.564443407645211,,-0.022263008404735163,,0.10862,12.8,2.4,0.0,3.0,0,18.2,Peg atractivo (1.02)
EVRG,"Evergy, Inc.",Utilities,78.27,88.62,71.41,-0.11679079214624247,17.14556,2.01,12.143,1.7652231,0.092539996,0.044,0.03827192527443257,5.808337070647495,-0.07998023494276911,-0.03394223789116069,-0.086850213333725,0.15192,8.4,4.7,0.0,5.0,0,18.2,Cumple criterios base del screener
SBUX,Starbucks Corporation,Consumer Cyclical,95.58,110.51,77.99,-0.1351008958465298,30.607637,1.12,22.59,-14.195753,,-0.014,-0.16798008233435102,3.979423448952493,0.02813421176326945,-0.1004235121783088,-0.05931049583172643,0.05172,5.3,0.0,7.0,5.0,0,17.3,Peg atractivo (1.12)
APD,"Air Products and Chemicals, Inc",Basic Materials,278.35,314.87,229.11,-0.1159843745037634,19.280508,2.03,17.638,4.464529,0.00023,0.046,,3.9274320715695055,-0.024159257470788887,-0.10052991084658025,-0.0446854145308796,-0.00375,5.0,1.6,0.0,10.0,0,16.6,Cumple criterios base del screener
IFF,International Flavors & Fragran,Basic Materials,85.1421,89.32,59.14,-0.046774518584863346,21.495047,1.77,14.45,1.5553056,-0.05548,0.018,,3.285714209164987,-0.07922111909545616,-0.00909205452142714,0.07984201434229399,0.02569,4.4,0.0,0.0,10.0,0,14.4,Cumple criterios base del screener
WEC,"WEC Energy Group, Inc.",Utilities,102.49,119.91,100.14,-0.14527562338420483,17.084799,1.99,14.241,,0.11988,0.026,0.026270129265375974,5.806315191972245,-0.07047598828168981,-0.0346613955791909,-0.11464070355434985,0.16686001,6.7,2.3,0.0,5.0,0,14.0,Cumple criterios base del screener
VMRK,Vivmark Residential,Real Estate,61.13,71.5,57.57,-0.145034965034965,41.57938,7.17,,,0.08487,0.033,-0.030475963835739694,5.01293364995111,0.029325309844671753,-0.061559692341207506,-0.10010303557355404,0.33253,0.0,0.3,7.0,5.0,0,12.3,Cumple criterios base del screener
